-- MySQL Workbench Forward Engineering

SET @OLD_UNIQUE_CHECKS=@@UNIQUE_CHECKS, UNIQUE_CHECKS=0;
SET @OLD_FOREIGN_KEY_CHECKS=@@FOREIGN_KEY_CHECKS, FOREIGN_KEY_CHECKS=0;
SET @OLD_SQL_MODE=@@SQL_MODE, SQL_MODE='ONLY_FULL_GROUP_BY,STRICT_TRANS_TABLES,NO_ZERO_IN_DATE,NO_ZERO_DATE,ERROR_FOR_DIVISION_BY_ZERO,NO_ENGINE_SUBSTITUTION';

-- -----------------------------------------------------
-- Schema interstellerdb
-- -----------------------------------------------------
DROP SCHEMA IF EXISTS `interstellerdb` ;

-- -----------------------------------------------------
-- Schema interstellerdb
-- -----------------------------------------------------
CREATE SCHEMA IF NOT EXISTS `interstellerdb` DEFAULT CHARACTER SET utf8 ;
USE `interstellerdb` ;

-- -----------------------------------------------------
-- Table `user`
-- -----------------------------------------------------
DROP TABLE IF EXISTS `user` ;

CREATE TABLE IF NOT EXISTS `user` (
  `id` INT NOT NULL AUTO_INCREMENT,
  `email` VARCHAR(45) NULL,
  `username` VARCHAR(45) NOT NULL,
  `password` VARCHAR(200) NOT NULL,
  `role` VARCHAR(15) NULL,
  `active` TINYINT NULL,
  PRIMARY KEY (`id`))
ENGINE = InnoDB;


-- -----------------------------------------------------
-- Table `address`
-- -----------------------------------------------------
DROP TABLE IF EXISTS `address` ;

CREATE TABLE IF NOT EXISTS `address` (
  `id` INT NOT NULL AUTO_INCREMENT,
  `street` VARCHAR(45) NULL,
  `city` VARCHAR(45) NULL,
  `state` VARCHAR(2) NULL,
  `zip` VARCHAR(10) NULL,
  `country` VARCHAR(45) NULL,
  PRIMARY KEY (`id`))
ENGINE = InnoDB;


-- -----------------------------------------------------
-- Table `profile`
-- -----------------------------------------------------
DROP TABLE IF EXISTS `profile` ;

CREATE TABLE IF NOT EXISTS `profile` (
  `id` INT NOT NULL AUTO_INCREMENT,
  `birthday` DATE NOT NULL,
  `description` TEXT NULL,
  `sex` VARCHAR(15) NULL,
  `first_name` VARCHAR(45) NULL,
  `last_name` VARCHAR(45) NULL,
  `user_id` INT NOT NULL,
  `address_id` INT NULL,
  `profile_pic` TEXT NULL,
  `active` TINYINT NULL,
  `created_on` DATETIME NULL,
  `updated_on` DATETIME NULL,
  `age` VARCHAR(45) NULL,
  PRIMARY KEY (`id`),
  INDEX `fk_profile_User_idx` (`user_id` ASC),
  INDEX `fk_profile_address1_idx` (`address_id` ASC),
  CONSTRAINT `fk_profile_User`
    FOREIGN KEY (`user_id`)
    REFERENCES `user` (`id`)
    ON DELETE NO ACTION
    ON UPDATE NO ACTION,
  CONSTRAINT `fk_profile_address1`
    FOREIGN KEY (`address_id`)
    REFERENCES `address` (`id`)
    ON DELETE NO ACTION
    ON UPDATE NO ACTION)
ENGINE = InnoDB;


-- -----------------------------------------------------
-- Table `category`
-- -----------------------------------------------------
DROP TABLE IF EXISTS `category` ;

CREATE TABLE IF NOT EXISTS `category` (
  `id` INT NOT NULL AUTO_INCREMENT,
  `name` VARCHAR(45) NOT NULL,
  PRIMARY KEY (`id`))
ENGINE = InnoDB;


-- -----------------------------------------------------
-- Table `question`
-- -----------------------------------------------------
DROP TABLE IF EXISTS `question` ;

CREATE TABLE IF NOT EXISTS `question` (
  `id` INT NOT NULL AUTO_INCREMENT,
  `question` VARCHAR(150) NOT NULL,
  PRIMARY KEY (`id`))
ENGINE = InnoDB;


-- -----------------------------------------------------
-- Table `answer`
-- -----------------------------------------------------
DROP TABLE IF EXISTS `answer` ;

CREATE TABLE IF NOT EXISTS `answer` (
  `id` INT NOT NULL AUTO_INCREMENT,
  `answer` VARCHAR(105) NULL,
  `question_id` INT NOT NULL,
  `category_id` INT NOT NULL,
  PRIMARY KEY (`id`),
  INDEX `fk_questionAnswer_questionBank1_idx` (`question_id` ASC),
  INDEX `fk_question_answer_category1_idx` (`category_id` ASC),
  CONSTRAINT `fk_questionAnswer_questionBank1`
    FOREIGN KEY (`question_id`)
    REFERENCES `question` (`id`)
    ON DELETE NO ACTION
    ON UPDATE NO ACTION,
  CONSTRAINT `fk_question_answer_category1`
    FOREIGN KEY (`category_id`)
    REFERENCES `category` (`id`)
    ON DELETE NO ACTION
    ON UPDATE NO ACTION)
ENGINE = InnoDB;


-- -----------------------------------------------------
-- Table `preference`
-- -----------------------------------------------------
DROP TABLE IF EXISTS `preference` ;

CREATE TABLE IF NOT EXISTS `preference` (
  `id` INT NOT NULL AUTO_INCREMENT,
  `name` VARCHAR(45) NOT NULL,
  PRIMARY KEY (`id`))
ENGINE = InnoDB;


-- -----------------------------------------------------
-- Table `profile_answer`
-- -----------------------------------------------------
DROP TABLE IF EXISTS `profile_answer` ;

CREATE TABLE IF NOT EXISTS `profile_answer` (
  `answer_id` INT NOT NULL,
  `profile_id` INT NOT NULL,
  `question_id` INT NOT NULL,
  PRIMARY KEY (`profile_id`, `question_id`),
  INDEX `fk_questionAnswer_has_profile_questionAnswer1_idx` (`answer_id` ASC),
  INDEX `fk_question_result_profile1_idx` (`profile_id` ASC),
  INDEX `fk_profile_answer_question1_idx` (`question_id` ASC),
  CONSTRAINT `fk_questionAnswer_has_profile_questionAnswer1`
    FOREIGN KEY (`answer_id`)
    REFERENCES `answer` (`id`)
    ON DELETE NO ACTION
    ON UPDATE NO ACTION,
  CONSTRAINT `fk_question_result_profile1`
    FOREIGN KEY (`profile_id`)
    REFERENCES `profile` (`id`)
    ON DELETE NO ACTION
    ON UPDATE NO ACTION,
  CONSTRAINT `fk_profile_answer_question1`
    FOREIGN KEY (`question_id`)
    REFERENCES `question` (`id`)
    ON DELETE NO ACTION
    ON UPDATE NO ACTION)
ENGINE = InnoDB;


-- -----------------------------------------------------
-- Table `mixer`
-- -----------------------------------------------------
DROP TABLE IF EXISTS `mixer` ;

CREATE TABLE IF NOT EXISTS `mixer` (
  `id` INT NOT NULL AUTO_INCREMENT,
  `name` VARCHAR(45) NOT NULL,
  `description` TEXT NULL,
  `event_date` DATE NOT NULL,
  `address_id` INT NOT NULL,
  `event_start` TIME NULL,
  `event_end` TIME NULL,
  `created_date` DATETIME NULL,
  `image_url` VARCHAR(700) NULL,
  `creator_id` INT NOT NULL,
  PRIMARY KEY (`id`),
  INDEX `fk_event_address1_idx` (`address_id` ASC),
  INDEX `fk_mixer_profile1_idx` (`creator_id` ASC),
  CONSTRAINT `fk_event_address1`
    FOREIGN KEY (`address_id`)
    REFERENCES `address` (`id`)
    ON DELETE NO ACTION
    ON UPDATE NO ACTION,
  CONSTRAINT `fk_mixer_profile1`
    FOREIGN KEY (`creator_id`)
    REFERENCES `profile` (`id`)
    ON DELETE NO ACTION
    ON UPDATE NO ACTION)
ENGINE = InnoDB;


-- -----------------------------------------------------
-- Table `message`
-- -----------------------------------------------------
DROP TABLE IF EXISTS `message` ;

CREATE TABLE IF NOT EXISTS `message` (
  `id` INT NOT NULL AUTO_INCREMENT,
  `content` TEXT NULL,
  `sent_date` DATETIME NULL,
  `message_from` INT NULL,
  `message_to` INT NULL,
  PRIMARY KEY (`id`),
  INDEX `fk_message_user1_idx` (`message_from` ASC),
  INDEX `fk_message_user2_idx` (`message_to` ASC),
  CONSTRAINT `fk_message_user1`
    FOREIGN KEY (`message_from`)
    REFERENCES `user` (`id`)
    ON DELETE NO ACTION
    ON UPDATE NO ACTION,
  CONSTRAINT `fk_message_user2`
    FOREIGN KEY (`message_to`)
    REFERENCES `user` (`id`)
    ON DELETE NO ACTION
    ON UPDATE NO ACTION)
ENGINE = InnoDB;


-- -----------------------------------------------------
-- Table `favorite`
-- -----------------------------------------------------
DROP TABLE IF EXISTS `favorite` ;

CREATE TABLE IF NOT EXISTS `favorite` (
  `profile_id` INT NOT NULL,
  `profile_id1` INT NOT NULL,
  PRIMARY KEY (`profile_id`, `profile_id1`),
  INDEX `fk_profile_has_profile_profile2_idx` (`profile_id1` ASC),
  INDEX `fk_profile_has_profile_profile1_idx` (`profile_id` ASC),
  CONSTRAINT `fk_profile_has_profile_profile1`
    FOREIGN KEY (`profile_id`)
    REFERENCES `profile` (`id`)
    ON DELETE NO ACTION
    ON UPDATE NO ACTION,
  CONSTRAINT `fk_profile_has_profile_profile2`
    FOREIGN KEY (`profile_id1`)
    REFERENCES `profile` (`id`)
    ON DELETE NO ACTION
    ON UPDATE NO ACTION)
ENGINE = InnoDB;


-- -----------------------------------------------------
-- Table `star`
-- -----------------------------------------------------
DROP TABLE IF EXISTS `star` ;

CREATE TABLE IF NOT EXISTS `star` (
  `matcher_id` INT NOT NULL,
  `matched_id` INT NOT NULL,
  `matched_on` DATETIME NULL,
  `blocked` TINYINT NULL,
  `blocked_by_id` INT NULL,
  `blocked_date` DATETIME NULL,
  `blocked_reason` TEXT NULL,
  PRIMARY KEY (`matcher_id`, `matched_id`),
  INDEX `fk_profile_has_profile_profile4_idx` (`matched_id` ASC),
  INDEX `fk_profile_has_profile_profile3_idx` (`matcher_id` ASC),
  INDEX `fk_match_profile1_idx` (`blocked_by_id` ASC),
  CONSTRAINT `fk_profile_has_profile_profile3`
    FOREIGN KEY (`matcher_id`)
    REFERENCES `profile` (`id`)
    ON DELETE NO ACTION
    ON UPDATE NO ACTION,
  CONSTRAINT `fk_profile_has_profile_profile4`
    FOREIGN KEY (`matched_id`)
    REFERENCES `profile` (`id`)
    ON DELETE NO ACTION
    ON UPDATE NO ACTION,
  CONSTRAINT `fk_match_profile1`
    FOREIGN KEY (`blocked_by_id`)
    REFERENCES `profile` (`id`)
    ON DELETE NO ACTION
    ON UPDATE NO ACTION)
ENGINE = InnoDB;


-- -----------------------------------------------------
-- Table `image`
-- -----------------------------------------------------
DROP TABLE IF EXISTS `image` ;

CREATE TABLE IF NOT EXISTS `image` (
  `id` INT NOT NULL AUTO_INCREMENT,
  `image_url` VARCHAR(500) NULL,
  `profile_id` INT NOT NULL,
  PRIMARY KEY (`id`),
  INDEX `fk_image_profile1_idx` (`profile_id` ASC),
  CONSTRAINT `fk_image_profile1`
    FOREIGN KEY (`profile_id`)
    REFERENCES `profile` (`id`)
    ON DELETE NO ACTION
    ON UPDATE NO ACTION)
ENGINE = InnoDB;


-- -----------------------------------------------------
-- Table `profile_has_preference`
-- -----------------------------------------------------
DROP TABLE IF EXISTS `profile_has_preference` ;

CREATE TABLE IF NOT EXISTS `profile_has_preference` (
  `profile_id` INT NOT NULL,
  `preference_id` INT NOT NULL,
  PRIMARY KEY (`profile_id`, `preference_id`),
  INDEX `fk_profile_has_preference_preference1_idx` (`preference_id` ASC),
  INDEX `fk_profile_has_preference_profile1_idx` (`profile_id` ASC),
  CONSTRAINT `fk_profile_has_preference_profile1`
    FOREIGN KEY (`profile_id`)
    REFERENCES `profile` (`id`)
    ON DELETE NO ACTION
    ON UPDATE NO ACTION,
  CONSTRAINT `fk_profile_has_preference_preference1`
    FOREIGN KEY (`preference_id`)
    REFERENCES `preference` (`id`)
    ON DELETE NO ACTION
    ON UPDATE NO ACTION)
ENGINE = InnoDB;


-- -----------------------------------------------------
-- Table `profile_has_category`
-- -----------------------------------------------------
DROP TABLE IF EXISTS `profile_has_category` ;

CREATE TABLE IF NOT EXISTS `profile_has_category` (
  `profile_id` INT NOT NULL,
  `category_id` INT NOT NULL,
  PRIMARY KEY (`profile_id`, `category_id`),
  INDEX `fk_profile_has_category_category1_idx` (`category_id` ASC),
  INDEX `fk_profile_has_category_profile1_idx` (`profile_id` ASC),
  CONSTRAINT `fk_profile_has_category_profile1`
    FOREIGN KEY (`profile_id`)
    REFERENCES `profile` (`id`)
    ON DELETE NO ACTION
    ON UPDATE NO ACTION,
  CONSTRAINT `fk_profile_has_category_category1`
    FOREIGN KEY (`category_id`)
    REFERENCES `category` (`id`)
    ON DELETE NO ACTION
    ON UPDATE NO ACTION)
ENGINE = InnoDB;


-- -----------------------------------------------------
-- Table `mixer_attendee`
-- -----------------------------------------------------
DROP TABLE IF EXISTS `mixer_attendee` ;

CREATE TABLE IF NOT EXISTS `mixer_attendee` (
  `mixer_id` INT NOT NULL,
  `profile_id` INT NOT NULL,
  `rating` INT NULL,
  `rating_comment` TEXT NULL,
  `rating_date` DATETIME NULL,
  PRIMARY KEY (`mixer_id`, `profile_id`),
  INDEX `fk_mixer_has_profile_profile1_idx` (`profile_id` ASC),
  INDEX `fk_mixer_has_profile_mixer1_idx` (`mixer_id` ASC),
  CONSTRAINT `fk_mixer_has_profile_mixer1`
    FOREIGN KEY (`mixer_id`)
    REFERENCES `mixer` (`id`)
    ON DELETE NO ACTION
    ON UPDATE NO ACTION,
  CONSTRAINT `fk_mixer_has_profile_profile1`
    FOREIGN KEY (`profile_id`)
    REFERENCES `profile` (`id`)
    ON DELETE NO ACTION
    ON UPDATE NO ACTION)
ENGINE = InnoDB;

SET SQL_MODE = '';
DROP USER IF EXISTS interstelleruser@localhost;
SET SQL_MODE='ONLY_FULL_GROUP_BY,STRICT_TRANS_TABLES,NO_ZERO_IN_DATE,NO_ZERO_DATE,ERROR_FOR_DIVISION_BY_ZERO,NO_ENGINE_SUBSTITUTION';
CREATE USER 'interstelleruser'@'localhost' IDENTIFIED BY 'interstelleruser';

GRANT SELECT, INSERT, TRIGGER, UPDATE, DELETE ON TABLE * TO 'interstelleruser'@'localhost';

SET SQL_MODE=@OLD_SQL_MODE;
SET FOREIGN_KEY_CHECKS=@OLD_FOREIGN_KEY_CHECKS;
SET UNIQUE_CHECKS=@OLD_UNIQUE_CHECKS;

-- -----------------------------------------------------
-- Data for table `user`
-- -----------------------------------------------------
START TRANSACTION;
USE `interstellerdb`;
INSERT INTO `user` (`id`, `email`, `username`, `password`, `role`, `active`) VALUES (1, 'admin@gmail.com', 'admin', '$2a$10$heZNWDolzWRAikNAHAIsAeu3T7PgVyl.R59wrUqQb8K5CtZXKyEGe', 'ADMIN', 1);
INSERT INTO `user` (`id`, `email`, `username`, `password`, `role`, `active`) VALUES (2, 'zachkott@gmail.com', 'zkott', '$2a$10$heZNWDolzWRAikNAHAIsAeu3T7PgVyl.R59wrUqQb8K5CtZXKyEGe', 'ADMIN', 1);
INSERT INTO `user` (`id`, `email`, `username`, `password`, `role`, `active`) VALUES (3, 'dshoe@gmail.com', 'dshoe', '$2a$10$heZNWDolzWRAikNAHAIsAeu3T7PgVyl.R59wrUqQb8K5CtZXKyEGe', 'ADMIN', 1);
INSERT INTO `user` (`id`, `email`, `username`, `password`, `role`, `active`) VALUES (4, 'jferro@gmail.com', 'jferro', '$2a$10$heZNWDolzWRAikNAHAIsAeu3T7PgVyl.R59wrUqQb8K5CtZXKyEGe', 'ADMIN', 1);
INSERT INTO `user` (`id`, `email`, `username`, `password`, `role`, `active`) VALUES (5, 'celectra@gmail.com', 'electra', '$2a$10$heZNWDolzWRAikNAHAIsAeu3T7PgVyl.R59wrUqQb8K5CtZXKyEGe', 'USER', 1);
INSERT INTO `user` (`id`, `email`, `username`, `password`, `role`, `active`) VALUES (6, 'bpitt@gmail.com', 'bpitt', '$2a$10$heZNWDolzWRAikNAHAIsAeu3T7PgVyl.R59wrUqQb8K5CtZXKyEGe', 'USER', 1);
INSERT INTO `user` (`id`, `email`, `username`, `password`, `role`, `active`) VALUES (7, 'spears@gmail.com', 'bspears', '$2a$10$heZNWDolzWRAikNAHAIsAeu3T7PgVyl.R59wrUqQb8K5CtZXKyEGe', 'USER', 1);
INSERT INTO `user` (`id`, `email`, `username`, `password`, `role`, `active`) VALUES (8, 'mmyers@gmail.com', 'mmyers', '$2a$10$heZNWDolzWRAikNAHAIsAeu3T7PgVyl.R59wrUqQb8K5CtZXKyEGe', 'USER', 1);
INSERT INTO `user` (`id`, `email`, `username`, `password`, `role`, `active`) VALUES (9, 'ajolie@gmail.com', 'ajolie', '$2a$10$heZNWDolzWRAikNAHAIsAeu3T7PgVyl.R59wrUqQb8K5CtZXKyEGe', 'USER', 1);
INSERT INTO `user` (`id`, `email`, `username`, `password`, `role`, `active`) VALUES (10, 'tfey@gmail.com', 'tfey', '$2a$10$heZNWDolzWRAikNAHAIsAeu3T7PgVyl.R59wrUqQb8K5CtZXKyEGe', 'USER', 1);
INSERT INTO `user` (`id`, `email`, `username`, `password`, `role`, `active`) VALUES (11, 'rreynolds@gmail.com', 'ryanr', '$2a$10$heZNWDolzWRAikNAHAIsAeu3T7PgVyl.R59wrUqQb8K5CtZXKyEGe', 'USER', 1);
INSERT INTO `user` (`id`, `email`, `username`, `password`, `role`, `active`) VALUES (12, 'blively@gmail.com', 'blakel', '$2a$10$heZNWDolzWRAikNAHAIsAeu3T7PgVyl.R59wrUqQb8K5CtZXKyEGe', 'USER', 1);
INSERT INTO `user` (`id`, `email`, `username`, `password`, `role`, `active`) VALUES (13, 'scarrel@gmail.com', 'stevec', '$2a$10$heZNWDolzWRAikNAHAIsAeu3T7PgVyl.R59wrUqQb8K5CtZXKyEGe', 'USER', 1);
INSERT INTO `user` (`id`, `email`, `username`, `password`, `role`, `active`) VALUES (14, 'jalba@gmail.com', 'jalba', '$2a$10$heZNWDolzWRAikNAHAIsAeu3T7PgVyl.R59wrUqQb8K5CtZXKyEGe', 'USER', 1);
INSERT INTO `user` (`id`, `email`, `username`, `password`, `role`, `active`) VALUES (15, 'mdamon@gmail.com', 'damonm', '$2a$10$heZNWDolzWRAikNAHAIsAeu3T7PgVyl.R59wrUqQb8K5CtZXKyEGe', 'USER', 1);
INSERT INTO `user` (`id`, `email`, `username`, `password`, `role`, `active`) VALUES (16, 'scarjo@gmail.com', 'scarjo', '$2a$10$heZNWDolzWRAikNAHAIsAeu3T7PgVyl.R59wrUqQb8K5CtZXKyEGe', 'USER', 1);
INSERT INTO `user` (`id`, `email`, `username`, `password`, `role`, `active`) VALUES (17, 'frogkid@gmail.com', 'ddevito', '$2a$10$heZNWDolzWRAikNAHAIsAeu3T7PgVyl.R59wrUqQb8K5CtZXKyEGe', 'USER', 1);
INSERT INTO `user` (`id`, `email`, `username`, `password`, `role`, `active`) VALUES (18, 'goldengod@gmail.com', 'ghow', '$2a$10$heZNWDolzWRAikNAHAIsAeu3T7PgVyl.R59wrUqQb8K5CtZXKyEGe', 'USER', 1);
INSERT INTO `user` (`id`, `email`, `username`, `password`, `role`, `active`) VALUES (19, 'ratking17@gmail.com', 'ckelly', '$2a$10$heZNWDolzWRAikNAHAIsAeu3T7PgVyl.R59wrUqQb8K5CtZXKyEGe', 'USER', 1);
INSERT INTO `user` (`id`, `email`, `username`, `password`, `role`, `active`) VALUES (20, 'mmacdonald@gmail.com', 'robMC', '$2a$10$heZNWDolzWRAikNAHAIsAeu3T7PgVyl.R59wrUqQb8K5CtZXKyEGe', 'USER', 1);
INSERT INTO `user` (`id`, `email`, `username`, `password`, `role`, `active`) VALUES (21, 'deereynolds@gmail.com', 'scammin', '$2a$10$heZNWDolzWRAikNAHAIsAeu3T7PgVyl.R59wrUqQb8K5CtZXKyEGe', 'USER', 1);
INSERT INTO `user` (`id`, `email`, `username`, `password`, `role`, `active`) VALUES (22, 'leslieknope@gmail.com', 'lknope', '$2a$10$heZNWDolzWRAikNAHAIsAeu3T7PgVyl.R59wrUqQb8K5CtZXKyEGe', 'USER', 1);
INSERT INTO `user` (`id`, `email`, `username`, `password`, `role`, `active`) VALUES (23, 'andydywer@gmail.com', 'andyD', '$2a$10$heZNWDolzWRAikNAHAIsAeu3T7PgVyl.R59wrUqQb8K5CtZXKyEGe', 'USER', 1);
INSERT INTO `user` (`id`, `email`, `username`, `password`, `role`, `active`) VALUES (24, 'bigballer@gmail.com', 'aziz', '$2a$10$heZNWDolzWRAikNAHAIsAeu3T7PgVyl.R59wrUqQb8K5CtZXKyEGe', 'USER', 1);
INSERT INTO `user` (`id`, `email`, `username`, `password`, `role`, `active`) VALUES (25, 'nurseann@gmail.com', 'annperk', '$2a$10$heZNWDolzWRAikNAHAIsAeu3T7PgVyl.R59wrUqQb8K5CtZXKyEGe', 'USER', 1);
INSERT INTO `user` (`id`, `email`, `username`, `password`, `role`, `active`) VALUES (26, 'joshssister@gmail.com', 'icarly', '$2a$10$heZNWDolzWRAikNAHAIsAeu3T7PgVyl.R59wrUqQb8K5CtZXKyEGe', 'USER', 1);
INSERT INTO `user` (`id`, `email`, `username`, `password`, `role`, `active`) VALUES (27, 'dmtlover69@gmail.com', 'joerog', '$2a$10$heZNWDolzWRAikNAHAIsAeu3T7PgVyl.R59wrUqQb8K5CtZXKyEGe', 'USER', 1);
INSERT INTO `user` (`id`, `email`, `username`, `password`, `role`, `active`) VALUES (28, 'jakeyp@hotmail.com', 'sambergler', '$2a$10$heZNWDolzWRAikNAHAIsAeu3T7PgVyl.R59wrUqQb8K5CtZXKyEGe', 'USER', 1);
INSERT INTO `user` (`id`, `email`, `username`, `password`, `role`, `active`) VALUES (29, 'detamysantiago@gmail.com', 'amysant', '$2a$10$heZNWDolzWRAikNAHAIsAeu3T7PgVyl.R59wrUqQb8K5CtZXKyEGe', 'USER', 1);
INSERT INTO `user` (`id`, `email`, `username`, `password`, `role`, `active`) VALUES (30, 'queengina@gmail.com', 'ginal', '$2a$10$heZNWDolzWRAikNAHAIsAeu3T7PgVyl.R59wrUqQb8K5CtZXKyEGe', 'USER', 1);
INSERT INTO `user` (`id`, `email`, `username`, `password`, `role`, `active`) VALUES (31, 'yougurtLover12y@yahoo.com', 'bigterry', '$2a$10$heZNWDolzWRAikNAHAIsAeu3T7PgVyl.R59wrUqQb8K5CtZXKyEGe', 'USER', 1);

COMMIT;


-- -----------------------------------------------------
-- Data for table `address`
-- -----------------------------------------------------
START TRANSACTION;
USE `interstellerdb`;
INSERT INTO `address` (`id`, `street`, `city`, `state`, `zip`, `country`) VALUES (1, '123 admin st', 'Seattle', 'WA', '98103', 'United States');
INSERT INTO `address` (`id`, `street`, `city`, `state`, `zip`, `country`) VALUES (2, '69 mixer ave', 'Portland', 'OR', '97035', 'United States');
INSERT INTO `address` (`id`, `street`, `city`, `state`, `zip`, `country`) VALUES (3, '9027 meridian ave', 'San Diego', 'CA', '22400', 'United States');
INSERT INTO `address` (`id`, `street`, `city`, `state`, `zip`, `country`) VALUES (4, '111 this st', 'Portland', 'OR', '97035', 'United States');
INSERT INTO `address` (`id`, `street`, `city`, `state`, `zip`, `country`) VALUES (5, '222 that st', 'Queens', 'NY', '11005', 'United States');
INSERT INTO `address` (`id`, `street`, `city`, `state`, `zip`, `country`) VALUES (6, '333 here rd', 'Vancouver', 'WA', '98607', 'United States');
INSERT INTO `address` (`id`, `street`, `city`, `state`, `zip`, `country`) VALUES (7, '444 over ave', 'Greensboro', 'NC', '27455', 'United States');
INSERT INTO `address` (`id`, `street`, `city`, `state`, `zip`, `country`) VALUES (8, '555 sled circle', 'Los Angeles', 'CA', '90210', 'United States');
INSERT INTO `address` (`id`, `street`, `city`, `state`, `zip`, `country`) VALUES (9, '666 demon rd', 'Orlando', 'FL', '32789', 'United States');
INSERT INTO `address` (`id`, `street`, `city`, `state`, `zip`, `country`) VALUES (10, '777 lucky dr', 'Las Vegas', 'NV', '88901', 'United States');
INSERT INTO `address` (`id`, `street`, `city`, `state`, `zip`, `country`) VALUES (11, '888 this big st', 'Denver', 'CO', '80014', 'United Statees');
INSERT INTO `address` (`id`, `street`, `city`, `state`, `zip`, `country`) VALUES (12, '999 huge ave', 'Austin', 'TX', '73301', 'United States');
INSERT INTO `address` (`id`, `street`, `city`, `state`, `zip`, `country`) VALUES (13, '1020 jug rd', 'Port Orchard', 'WA', '98366', 'United States');
INSERT INTO `address` (`id`, `street`, `city`, `state`, `zip`, `country`) VALUES (14, '926 hillbilly way', 'Louisville', 'KY', '40018', 'United States');
INSERT INTO `address` (`id`, `street`, `city`, `state`, `zip`, `country`) VALUES (15, '2002 greater ln', 'Charlotte ', 'NC', '28105', 'United States');
INSERT INTO `address` (`id`, `street`, `city`, `state`, `zip`, `country`) VALUES (16, '5273 turnaround ln', 'Huntsville', 'AL', '35649', 'United States');
INSERT INTO `address` (`id`, `street`, `city`, `state`, `zip`, `country`) VALUES (17, '2634 little rd', 'Brooklyn', 'NY', '11201', 'United States');
INSERT INTO `address` (`id`, `street`, `city`, `state`, `zip`, `country`) VALUES (18, '3415 mixer ad', 'Charlotte', 'NC', '28105', 'United States');
INSERT INTO `address` (`id`, `street`, `city`, `state`, `zip`, `country`) VALUES (19, '6754 mixer st', 'Huntersville', 'NC', '28070', 'United States');
INSERT INTO `address` (`id`, `street`, `city`, `state`, `zip`, `country`) VALUES (20, '7776 mixer ln', 'San Clemente', 'CA', '92672', 'United States');
INSERT INTO `address` (`id`, `street`, `city`, `state`, `zip`, `country`) VALUES (21, '8891 mixer dr', 'Sacramento', 'CA', '94203', 'United States');
INSERT INTO `address` (`id`, `street`, `city`, `state`, `zip`, `country`) VALUES (22, '9990 mixer ct', 'Los Angeles', 'CA', '87192', 'United Staes');
INSERT INTO `address` (`id`, `street`, `city`, `state`, `zip`, `country`) VALUES (23, '312 always sunny ave', 'Philadelphia', 'PA', '19019', 'United States');
INSERT INTO `address` (`id`, `street`, `city`, `state`, `zip`, `country`) VALUES (24, '159 golden ct', 'Philadelphia', 'PA', '19019', 'United States');
INSERT INTO `address` (`id`, `street`, `city`, `state`, `zip`, `country`) VALUES (25, '2179 sewer pipe', 'Philadelphia', 'PA', '19019', 'United States');
INSERT INTO `address` (`id`, `street`, `city`, `state`, `zip`, `country`) VALUES (26, '710 jabroni st', 'Philadelphia', 'PA', '19019', 'United States');
INSERT INTO `address` (`id`, `street`, `city`, `state`, `zip`, `country`) VALUES (27, '991 Hollywood ave', 'Philadelphia', 'PA', '19019', 'United States');
INSERT INTO `address` (`id`, `street`, `city`, `state`, `zip`, `country`) VALUES (28, '9810 City hall dr', 'Pawnee', 'IN', '74058', 'United States');
INSERT INTO `address` (`id`, `street`, `city`, `state`, `zip`, `country`) VALUES (29, '1257 ditch by anns rd', 'Pawnee', 'IN', '74058', 'United States');
INSERT INTO `address` (`id`, `street`, `city`, `state`, `zip`, `country`) VALUES (30, '1092 mogul ln', 'Pawnee', 'IN', '74058', 'United States');
INSERT INTO `address` (`id`, `street`, `city`, `state`, `zip`, `country`) VALUES (31, '8912 chrisnann ln', 'Pawnee', 'IN', '74058', 'United States');
INSERT INTO `address` (`id`, `street`, `city`, `state`, `zip`, `country`) VALUES (32, '183 omnia circle', 'Las Vegas', 'NV', '88901', 'United States');
INSERT INTO `address` (`id`, `street`, `city`, `state`, `zip`, `country`) VALUES (33, '8273 savior ave', 'Los Angeles', 'CA', '90001', 'United States');
INSERT INTO `address` (`id`, `street`, `city`, `state`, `zip`, `country`) VALUES (38, '814 spookyville rd', 'Boston', 'MA', '02108', 'United States');
INSERT INTO `address` (`id`, `street`, `city`, `state`, `zip`, `country`) VALUES (34, '729 hitchcock ct', 'Brooklyn', 'NY', '11201', 'United States');
INSERT INTO `address` (`id`, `street`, `city`, `state`, `zip`, `country`) VALUES (35, '99 brooklyn pd', 'Brooklyn', 'NY', '11201', 'United States');
INSERT INTO `address` (`id`, `street`, `city`, `state`, `zip`, `country`) VALUES (36, '1982 royalty dr', 'Brooklyn', 'NY', '11201', 'United States');
INSERT INTO `address` (`id`, `street`, `city`, `state`, `zip`, `country`) VALUES (37, '714 muscle ct', 'Brooklyn', 'NY', '11201', 'United States');
INSERT INTO `address` (`id`, `street`, `city`, `state`, `zip`, `country`) VALUES (39, '669 milky way dr', 'Anchorage', 'AK', '99501', 'United States');
INSERT INTO `address` (`id`, `street`, `city`, `state`, `zip`, `country`) VALUES (40, '4579  pike place cr', 'Seattle', 'WA', '98103', 'United States');

COMMIT;


-- -----------------------------------------------------
-- Data for table `profile`
-- -----------------------------------------------------
START TRANSACTION;
USE `interstellerdb`;
INSERT INTO `profile` (`id`, `birthday`, `description`, `sex`, `first_name`, `last_name`, `user_id`, `address_id`, `profile_pic`, `active`, `created_on`, `updated_on`, `age`) VALUES (1, '1993-09-21', 'admin', 'Male', 'Rob', 'Roselius', 1, 1, 'https://encrypted-tbn0.gstatic.com/images?q=tbn:ANd9GcTbDR9QZ2giGpDUwFPg2gSjgSgA0iR0Kl_8hI_V_tBZzaWN-7WbkfoJALr04m4JgdpUE24&usqp=CAU', 1, NULL, NULL, '87');
INSERT INTO `profile` (`id`, `birthday`, `description`, `sex`, `first_name`, `last_name`, `user_id`, `address_id`, `profile_pic`, `active`, `created_on`, `updated_on`, `age`) VALUES (2, '1992-06-21', 'Hold on, I\'m about to S.C.R.U.M', 'Male', 'Zach', 'Kotterer', 2, 3, 'https://live.staticflickr.com/65535/52392395685_7477d81b40_n.jpg', 1, NULL, NULL, '29');
INSERT INTO `profile` (`id`, `birthday`, `description`, `sex`, `first_name`, `last_name`, `user_id`, `address_id`, `profile_pic`, `active`, `created_on`, `updated_on`, `age`) VALUES (3, '1987-07-04', 'I have a math degree, and according to my caluculations... you\'re too short for me', 'Male', 'Daniel', 'Schulenberg', 3, 4, 'https://compote.slate.com/images/18392094-d41b-46b3-a6c9-4c424799117c.jpg?crop=590%2C791%2Cx0%2Cy0', 1, NULL, NULL, '35');
INSERT INTO `profile` (`id`, `birthday`, `description`, `sex`, `first_name`, `last_name`, `user_id`, `address_id`, `profile_pic`, `active`, `created_on`, `updated_on`, `age`) VALUES (4, '1994-08-12', 'I will teach you everything you need to know, lets make sweet music together', 'Male', 'James', 'Ferro', 4, 5, 'https://cdn.punchng.com/wp-content/uploads/2021/07/24003431/Lauren-James.jpg', 1, NULL, NULL, '28');
INSERT INTO `profile` (`id`, `birthday`, `description`, `sex`, `first_name`, `last_name`, `user_id`, `address_id`, `profile_pic`, `active`, `created_on`, `updated_on`, `age`) VALUES (5, '1985-06-12', 'Where do you know me from?', 'Female', 'Carmen', 'Electra', 5, 6, 'https://encrypted-tbn0.gstatic.com/images?q=tbn:ANd9GcT2VBnQB4HLEaJ8UJxZcS8fXxRWhQJmW2xOVQ&usqp=CAU', 1, NULL, NULL, '33');
INSERT INTO `profile` (`id`, `birthday`, `description`, `sex`, `first_name`, `last_name`, `user_id`, `address_id`, `profile_pic`, `active`, `created_on`, `updated_on`, `age`) VALUES (6, '1970-02-07', 'The coolest Brad around', 'Male', 'Brad', 'Pitt', 6, 7, 'https://i.insider.com/586d2e10dd08955e118b45eb?width=700', 1, NULL, NULL, '33');
INSERT INTO `profile` (`id`, `birthday`, `description`, `sex`, `first_name`, `last_name`, `user_id`, `address_id`, `profile_pic`, `active`, `created_on`, `updated_on`, `age`) VALUES (7, '1980-03-12', 'Oops I did you again', 'Female', 'Brittney', 'Spears', 7, 8, 'https://hips.hearstapps.com/hmg-prod/images/britney-spears-during-the-2000-mtv-video-music-awards-at-news-photo-1600877657.jpg', 1, NULL, NULL, '44');
INSERT INTO `profile` (`id`, `birthday`, `description`, `sex`, `first_name`, `last_name`, `user_id`, `address_id`, `profile_pic`, `active`, `created_on`, `updated_on`, `age`) VALUES (8, '1974-09-01', 'Do I make you horny baby?', 'Male', 'Mike', 'Myers', 8, 9, 'https://encrypted-tbn0.gstatic.com/images?q=tbn:ANd9GcTCwlbnH-SYwDoB-ZgqZ-Z8T36lO16QlCZb9Q&usqp=CAU', 1, NULL, NULL, '35');
INSERT INTO `profile` (`id`, `birthday`, `description`, `sex`, `first_name`, `last_name`, `user_id`, `address_id`, `profile_pic`, `active`, `created_on`, `updated_on`, `age`) VALUES (9, '1972-12-20', 'Looking to adopt a lover', 'Female', 'Angelina', 'Jolie', 9, 10, 'https://encrypted-tbn0.gstatic.com/images?q=tbn:ANd9GcSYsX8onM_XgY4RxipUndTsqbjc5WJD-GRpdQ&usqp=CAU', 1, NULL, NULL, '54');
INSERT INTO `profile` (`id`, `birthday`, `description`, `sex`, `first_name`, `last_name`, `user_id`, `address_id`, `profile_pic`, `active`, `created_on`, `updated_on`, `age`) VALUES (10, '1973-04-20', 'I\'ll 30 rock your world', 'Female', 'Tina', 'Fey', 10, 11, 'https://media.vanityfair.com/photos/573c9264f4b19f731d188a92/master/pass/Tina-Fey-Annie-Leibovitz-Jan-2009.jpg', 1, NULL, NULL, '33');
INSERT INTO `profile` (`id`, `birthday`, `description`, `sex`, `first_name`, `last_name`, `user_id`, `address_id`, `profile_pic`, `active`, `created_on`, `updated_on`, `age`) VALUES (11, '1983-08-27', 'Ryan\'s wife', 'Male', 'Ryan', 'Reynolds', 11, 12, 'https://c8.alamy.com/zooms/9/418e3cbbf68a4e1a907527b4d22a639e/pm62b8.jpg', 1, NULL, NULL, '44');
INSERT INTO `profile` (`id`, `birthday`, `description`, `sex`, `first_name`, `last_name`, `user_id`, `address_id`, `profile_pic`, `active`, `created_on`, `updated_on`, `age`) VALUES (12, '1985-10-06', 'Ryan\'s Husband', 'Female', 'Blake', 'Lively', 12, 13, 'https://www.etonline.com/sites/default/files/styles/max_640x640/public/images/2022-04/Blake-Lively-Getty-1920.jpg?h=9de51153&itok=4j453nCC', 1, NULL, NULL, '55');
INSERT INTO `profile` (`id`, `birthday`, `description`, `sex`, `first_name`, `last_name`, `user_id`, `address_id`, `profile_pic`, `active`, `created_on`, `updated_on`, `age`) VALUES (13, '1972-08-06', 'Im not super stitous.. but I am a little stitous', 'Male', 'Steve', 'Carrel', 13, 14, 'https://images2.minutemediacdn.com/image/fetch/w_736,h_485,c_fill,g_auto,f_auto/https%3A%2F%2Fhiddenremote.com%2Fwp-content%2Fuploads%2Fgetty-images%2F2022%2F07%2F1052053620-850x560.jpeg', 1, NULL, NULL, '65');
INSERT INTO `profile` (`id`, `birthday`, `description`, `sex`, `first_name`, `last_name`, `user_id`, `address_id`, `profile_pic`, `active`, `created_on`, `updated_on`, `age`) VALUES (14, '1986-09-16', 'I am the most attractive woman alive', 'Female', 'Jessica', 'Alba', 14, 15, 'https://i.pinimg.com/736x/30/4b/62/304b620d0b27efed740ac4840e440aa8.jpg', 1, NULL, NULL, '43');
INSERT INTO `profile` (`id`, `birthday`, `description`, `sex`, `first_name`, `last_name`, `user_id`, `address_id`, `profile_pic`, `active`, `created_on`, `updated_on`, `age`) VALUES (15, '1972-01-09', 'I do all my own stunts...', 'Male', 'Matt', 'Damon', 15, 16, 'https://media.gq.com/photos/612f8c3c73b9651b2559a87f/master/w_1600%2Cc_limit/matt-damon-gq-cover-october-2021-08.jpg', 1, NULL, NULL, '33');
INSERT INTO `profile` (`id`, `birthday`, `description`, `sex`, `first_name`, `last_name`, `user_id`, `address_id`, `profile_pic`, `active`, `created_on`, `updated_on`, `age`) VALUES (16, '1983-05-12', 'I\'m from that movie with iron man', 'Female', 'Scarlett', 'Johansen', 16, 17, 'https://i.discogs.com/U6Fjw9wGGRpyU5Tz6z6m-RSVw2qu7BLPaaflR01jNYg/rs:fit/g:sm/q:40/h:300/w:300/czM6Ly9kaXNjb2dz/LWRhdGFiYXNlLWlt/YWdlcy9BLTExMTI5/NzctMTUzNDY2Mzk3/Ny0yNTMzLmpwZWc.jpeg', 1, NULL, NULL, '44');
INSERT INTO `profile` (`id`, `birthday`, `description`, `sex`, `first_name`, `last_name`, `user_id`, `address_id`, `profile_pic`, `active`, `created_on`, `updated_on`, `age`) VALUES (17, '1983-05-12', 'Can I offer you a nice egg in this trying time?', 'Male', 'Frank', 'Reynolds', 17, 23, 'data:image/jpeg;base64,/9j/4AAQSkZJRgABAQAAAQABAAD/2wCEAAoHCBUVFRgWFRUYGBgaGBgYGBgaGBgYGBgYGBgaGRgYGBgcIS4lHB4rIRgYJjgmKy8xNTU1GiQ7QDs0Py40NTEBDAwMEA8QGhISGjQhISE0NDExNDE0NDQ0NDQ0NDQ0NDQxMTQ0NDQ0NDExNDQxNDQ0MTE0NDE0NDQxNDE0PzQ0P//AABEIALwBDQMBIgACEQEDEQH/xAAbAAABBQEBAAAAAAAAAAAAAAADAAECBAUGB//EADoQAAIBAgQEAwUGBQQDAAAAAAECAAMRBBIhMQVBUWFxgaEGIjKR0RNCUrHB8BRyguHxM2KishUjU//EABkBAAMBAQEAAAAAAAAAAAAAAAABAgMEBf/EACMRAQEBAQACAgICAwEAAAAAAAABAhEDMRIhQVETYQQiMrH/2gAMAwEAAhEDEQA/AOOivGimCDxRo8AeMYrxQBRo8YwUV4rxooA940UV4weIRgZrYDgzP7zkovT7x8uUV1JPs841q8jNRSTYAk9BqflLtPhlY7IbdyB6Ezo6OGSmLKFUdTufE7mE+1Hc+ClpjfN+o6s/40/NYSez1dtkUeLC0rYrg1an8SXH+0hp2GHxbjTIx/myJ/2kme981Bjfo6G3nnEU8t/Qvgy89bSNedXxHDU3uWRl7kEEf1DQ/Oc9isEU1U5l9R4zTO5WOvDrP37iqDJXkbxXlshAZIGCvJCAEvJBoIGTvBIoMmrQKmTBgBg8IrQAMmDALCtJXgFMmDGQka8jnizQDGvFeKKJZXiJjRQB4gYorwBRorxrwBXiBjZoxMAleOB9elh1J5CQHW+g3+gHMzT4PhftGzMPcU6LvduV+pELeRWM3V40OCcLAs76ndRyHfXczbXXQA/vqeXhK+IxtOiuZ2A7cz4TncX7ShiQr5RbQKM2nRiBvOezWq7p8cTkdOtPncDyufm0JTAb77X33X6Tj8JxVDfNVsepBHqRNXAVUZv9VD2Drfw3hcU55JW4lJCTdj4FgAe2kVepTUDNkA52XMfmbynVxSG4toOp17TnsbjEpNmd/Bb3PkOkWcWnrcjdxOLw66Z2/pBH5m0pNVpt8FQHs2h8+Uwx9pirtTGVeTPoPLmfkRDDg7qLGopP8gPq15p8J+2X8l/QuMwlrso8uXiOsoiGxSVkX/VJ7ZKdj/wlBHqvsy35qygf9bTTPr2w3nt7Is3jiZZx7qwR0XUgXBI3Nud5po15XGNliYkgJEGSvElMSSmDBk1gBQZMGBvJKYAVTJgwQaSDQAkjeMDHJgTLMYSTGQMFlFeMTEDAJXkSYo0AUQjxoAjItHJg2fLrobG9vDWBQPFV1XXcKOW9yQD6kDyljB8RrsgVLU0G5GrMTr8XLyg8RRV8JmC2dVqF2A3tXwwXN4CrOsp8HRKVB1KlHRWyllLhsoL5guwuTbyhrnHR45ZVPhvAEf33JYnctqfWdDhqFBFsES455ATMs11uddBoANSSOgGpgP8AyhYED3F9fPpMbbXRzMaGNrUV0Kp5oPpOY4xSw9QGyqrbhlFj59Zcx+IpOmUuM2989/ATlK1Q7CVmVnqqFTMGI1uPHa17+FtZGgoLW6zSocPetX+zUXYhb35WRdSeg0m5xb2Gq0af21N1fLZmUAhwOZUfe8N5t8pPpHx1Z1LhuMdrKGCDYAAWAnU08IcmfPm+X6TzilicpuBpuADy5amaVD2qqILKFttY3My1m30rOpPbpMa67MLjkPpMurhFDBk2PfnA0+Mfa6OjeKBibyJzLe4Nvi1B9e8mSxVsovFuD56DVcwQKumb4qjjZEA3PU7DzAmRSxNzfdWNx2vrb1m6HzJr0HKcrw9/dsev5zXP3GHkn31tI8JmlKm5HK/eER77bQZLitJgwKGEBglO8cNICSgE7wimVyZNXgB7x7wOaOrQCiYgt9IjIkwURjCNmjQCUQMa8a8AlFGvGvAGYypjNpbaVMYdB4wggT1WyMq6hgwIvbc03PiP/UsvVOJsUQA2ARQLaaATMWtqABqCb97y1w3BM7fZEZTqy3FrrzIvvaO/26Md4sCpUHvhWsNmF/zlSoKr7mw6XM6A8IqovuuAPDeVGwOIPJPG9pnNRpcVnYbhwvd3AHYTouA8Apu4YZmUajORYne9hso1lfB8JUG9Vi5/CL5fPrNb+IZlejh7F3TIx+7Rpt8RYj75AsFGu5hdWnnxyCezmGUNWxAsftajrTI/+SMVUjxI/wCInV4ZQQQTr52nM/arh1SmLkKqqvkLEn1lLEccZdiZlqXV615ycL2n9n1psSiA6lrWsfe1OU9L3NjOXo1aan4WQzYqcdeobOTba9/LeHNRUALqKg099AucdM6EgeY+U0ls9stZl9KuExqHRUd25Aa6zRr0HYEvZeYUj3tufSAqe0aJopA7ZHH5C0oYn2izHYt4LlHzJ/SFlpz4z2Hjqhphje4ykj+a1gPmZzWGNvGb1em9QhnItuEXUX5FidzMvE0srnTfUfqJpn1xh5I0UTQamEXSV8LnIuRplJv0C2H6ywDCsBQ0mGgLxw8AsqY7GAV5NngE80krytmk1aAHU3kxK4MNmglVkDJiQMFGEeNHgCjGPGMAaKIRXgETK2JtaWjKeKgeWp7K8OBLVX1IJAHTvOpxXCVxCoblKgN0dd08uYPMTm/ZupYFRzP0ncUVyi/QW/fpMtavyd2Mz4xz3EHxSDKypUA++hKk9ypFgfAzGqcUqDbD69XYn0AE7Su4yN5zhuNYzUgGE+/wvU5+VHFcUrtoWy/7UGX+81qeNOHwqhNHa7OeZJ6+VoHgnD7jO432+s1K/CVf4ibdI7Z6TJfbmMLxPEVH0GfqLC3zl/Ekj4t7TQrYRUUALa3P+8o1qStvc2jtl9RMlnusWvVYXyi35w+FxDFCGO4I+kt/wycpo8LwqLqVBjupxMllYSnKdR5zQoFG8YbiWFTUqPKZCsUbt+UXs/Xts00A0lXjOFygPfsfrDYZ72l6pT+0psnO3+DF8uUtZ7HM4DFEMELe6bqfB1KE+t/KFw2KsSjGxGngdiJkOCCQdCCQexGhlmnSzsDc3cE37jf1HrOiyOWxtgxSpRzIQrajk36GWVEzsSWaSvIRAwCd5JTBgyYMAOkNAI0MDBKuJExgYjBRo4MjFAJXivGEV4ArxiYxjEwCV5SxKmWgYKqR5wVm/bZ9jKGZ27AXHflO6xAshmB7KU1yZhb3jf5bj53m5jW9y3ac+73TvxOZjF4g+VCZwyIatW3edxxpLp5TluEAK7HmLW+cvPob9x01GgFULtYSyXABvYdzoJmYvHhBmPKczU4m9VrD/EOdL5Se27j8UhvqWvMp66g3EFiKtGno7O5Iv7mWwPRr9pVbH4c2CpUJ7lf0lzFs6nXkz6WGxQ/CD5w1LiQX7vrMvE4xVtlpEfzNf0EGuJUrc2+nhH8EfON9cWjA2mbiFveUaFU3uJczExfHg71dwHKayC1jMnDaWmir6SKuOb43hiKrMB7rWPmRrIcPJAJI0G1+p6TWxhu0p4hCVIHj8ptm9kcm/wDqo164IuTa2wAG/fnGwuJJNjMx6l4fhoJa/ISrPpLXWIyF5MSSJRJgRlkyIgmsPAU4a8EqgjkxhHMFGMaIxrwB7xXkGaMpgBSJAmPmiy3gDSDoCNZLLHtAOo9k7JS0/G36D9JvVn92c57Nt7hHRz6gH6zXD6Tn3/1XpeP/AJgGO1HlOPq+456f3nWYl5zfFE1jyWw+LK7AW+Ere/6S17KcGshxFTY3FNTysbFj+ks4KiHpgEn9BE+MakgpsPdXY9uUnzXXwuc/n/xMz37Z+OwCsxJ0HMy9wf2eQ0vtNy98t+Sg208bTPxWIzo1tgRc+N/pLXDeOFECMLqNjzHb1My1PL/FzN+x8Z3qlxjhyrpOZq0sptOn4piM5sNb6g3gsB7LvVXMSym+oy306lr6ec6f8fWs5/3rPWLq/UU/Z/Amq5W9lALM1icqjUmw30BljEUsrabX0mtQRcOrUqbZs/xtp7wBBC3ttcDaU8SuZgBLuu1Vz8ZJSqDJYc46VIHEE3jLJHT1dTA2hHbWRJmk9OTV/wBqDUwqMbka/KTRAososJMRFY0omNnMKqxjTgCpveGUGQpi0MpgDAawwMGohIkqoMcyGaPmgsjIGSMaBIkR1WPFAHiDRpGAEig7x7wDW9nquWoRyI18v8zpmG9px3Cq+SqpOx90/wBXP52nXBuV5j5J9u7wa7nilitJl4mlmE2MTMxjY+cmNNFhWyjKZbqgMtiARroe/MSs9KEpP1lCfSnV4dTVcxNj+CzC/QggWttvaARaY0yj5TQxJvMqqmscHyk/C3/GUk+BAD5X9JRxfEWYWGg6QTp2gXpHoflHJC15L6ieHYkzRRPvW8IHhmFLHUTTxiqosNgIrUf3WJiGu0Y6R2F9ZWxGJVTY+MrM7eM93k6JeRvADGr3+UYYxe815XKsgycElZTswhgREDq0mGkNI4EAmghCwgkMRMAKsneBUyd4krLZCBntfwksUyWUGwB27zIu2XW+8LxFrovb9ZyyXsnXp/XL9Jsi/itK7NY2uIFXOxibUacptnVntz6xmz6HDxi8ph5JHvNeOdaDSQMNheFV31CEDq3uj119JrUPZ63xvfsot6mTd5n5Xnxa16jBMNRwrv8ACpPe1h8zOlTAU02QX6nU/MwwEzvl/TXP+P8AusCjwlz8TBfUzoqAIUKxuQN+Z7xU6estVKWlxM7u69ujHjmfSnWFxr5TOxKXms6f4lGuloKqvQfkYVkgmXpJJWuNdxKhJMBzEE9Mfhj1H0gKlbTeMqNTyruq+djDvWLaWW3QD96zMasPGAqV2voY+F1rrXy77n9T/aZ2OxGY2lV8UxNydfTTSDD3N4ScTrR23mJjGIdiRbXS/TlNtmtL2FqAgKwBHK4vLzr4/bLWfl9ON+1jB53h4JQfXIvkLflEPZqh+D1b6yv58p/hrh0WFSqy7Ezr6ns3S5KR4MZn4n2ZYfA3k31H0hPNmlfFqME45+voIxxr/i/KNjMK9NrOpU8uh8DsZWvNZysrOLH8U/4j84xxD/jb5mBERj5AIMY4++3zhv8AyVX8Q+QlFjHBi5A7aizONV+YBHlH41gwtNnUdAe3h0latXZSlja2nhLDLUrLkAzM2wHM95587LK9G8srFRMwE1uH+zWIqa5ci9X0uOy7/O07D2c9l0oAM9nqcz91OyD9d/CdE6Wj15eXkZzP7cXhfYdNPtHZ+w9wfqfWbOG4BTp6IgXvbU+J3M211juJnfJq/lUzJ6jJfC2EoVFM3Kq/v6SjWoi8UqpWLVvAh7bzTqUICrhrCXKo9B5ZSoNjMliQZYSrcd4+CLFYWN+XPwlTEKLflDGpYa+co4itbUaiOCgsLQNVb9jCGoGFwZVqPaXxNDetbRh58pXarCVHBlV1EqM7T/aawTveQK9zEqRkkusJIiPeATppczRo0pUwqTUo07SdUSLGHuJpUWB3lKmJeppMq0kFFO8X2EmmkKCJB8ZuO4cjoVdQQf3cdJ59xrgzUHsAWU/C1r/0nvPU2sRM/iGFDqQf8d5r4vJc3+mW8Sx5TlPMEeRkS06t6ZVip3ErV8OrbqD5Tsm3JY5ky7hcIrC7E9vCGxvDgBmX5QlA6AdAOUd19fRL7qWqG3Iz0f2c4N9kmZh77DX/AGrvl+s572L4QXqtWYe4DZb/AHn3uOw/Pwno6rYTz9/p328VlFpJqd47iBepbpMgi5AjPUEBUeBd7wVxYZxAPrBs0iHjPhFBAV0GohneVKjHXWOGo4hLayvmsdJbqPeUag6TSAnqSu8TyAMuFVeopGo9IE1b7y9aU62H5iVKiqrjvKz3lx6Z5wD0PGV9IqvcyYjNR7mIUofQSBvtD06fWDQWlyimaK0cWcNTE1qFOUsNRmth00mWquRNKIhFSGp05LLIXxER0OkcWitESB0kXaEvBOvMQDn+NYb745b+ExGbWddXXMCDOQxdEo5W/O4J10O06fFrs45fLn76ha9x6eOg/OUKTWuOhmim+nPy32/faZuOazk9f3p85tGT2/h+HSmioosqgW7D6/WXwZV5iWW/frOB2UCuZUrNeGrc5TqGTxUDY9428YSYgaIEZk7QybGNfeAAFODahLwQQR3h02bVwspVcMek3HlOoglSmxKuHtK7pabVVRKOIUTSVPFEGM0lV027RjKJXdIFklpoGPqarPTgykuNIWj6XEKNG5mph8KOkDhkE08PJ1V5g9CiOk0KdESpSmlRmdXw6ppIMIcyDKJIAYCQaOdjGEBwFtNZNWjPICCbAqycxMDjuHNg45aHwPOdPKGOpghgRpaX47zSNzscWzjv5nX5Snj972veXSZWxY28J1xx1//Z', NULL, NULL, NULL, NULL);
INSERT INTO `profile` (`id`, `birthday`, `description`, `sex`, `first_name`, `last_name`, `user_id`, `address_id`, `profile_pic`, `active`, `created_on`, `updated_on`, `age`) VALUES (18, '1983-05-12', 'I am the golden god..also...the camera\'s always rolling when you\'re in my room', 'Male', 'Dennis', 'Reynolds', 18, 24, 'data:image/jpeg;base64,/9j/4AAQSkZJRgABAQAAAQABAAD/2wCEAAoHCBUWFRgWFRYYGRgZHBwcHBwcGRocGhoeHBgZGRwaGBkcIS4lHB4rHxoaJjgmKy8xNTU1GiQ7QDs0Py40NTEBDAwMEA8QHxISHzEhISE0NDQ0NDQ0NDQ0NDQ0NDQ0NDQ0NDQ0NDQ0NDQ0NDQxNDQ0NDQ0NDQ0MTQxNDQ6PzQxP//AABEIAOEA4QMBIgACEQEDEQH/xAAbAAACAgMBAAAAAAAAAAAAAAAFBgMEAAIHAf/EAEYQAAIBAgQDBQQGBQsDBQAAAAECAAMRBBIhMQVBUQYiMmFxE4GhsUJScpHB0RQjM2KSBxUWJDSCorLh8PFTk8IXg9LT4v/EABkBAAMBAQEAAAAAAAAAAAAAAAECAwQABf/EACQRAAICAgIBBQEBAQAAAAAAAAABAhEDIRIxIgQTMkFRYYFx/9oADAMBAAIRAxEAPwAOJsdpgEwiY0zRRUaRUcKc+e/ukpEnw40jikiiShZoJKIoD0CbgTVRJFE443WezAJsBOCbIsnRZogk6iKzjZRKWX+tU7fVf5CX0EioJ/XKP2X+QiNhQq/yg4c581trX9LRDor3/SdQ7b08zuv7o/Oc1wyXex6zXg/Ccxhw2LRgAuhG4MuEaaQbhsLl2EuoDtPRj1sgzcJ1nns+k21tvNgloQFZ0vIymkkrsFuSbD/e0Hvj+Si3mYkpRiMlZOy6SFmA5yCm+ZhmbQkX9PKNNDCUURnCoQttTd20O2R7WJEzTz10h447FxAzeFGPoL/KWF4bXIvktbe5AI9QTDy8ao5s4fKhTKKYBurX6AWtbzgrEYlhYmmwzAKN7aMSLcxoeci802/wfhEgPCK2pyg23sy6eusgqYJxfMh0NjbXXpCFXFKmdsjZnN+9Yjf6oNjJU4tSJIOYDxC4vdt7ED5we5Nf07jEDfov7r/wz2Xf56fof4zMje7P8O4RGCezJlplLFOpvJ8N4ffIag1k+F8PvlBGSrJLyILeSqnmYKAbIZKDIghE3E44mQyZBIqIlhBOCjEEnUSK8s0liPs5ibxTtNXSo6LkAU2F1v8AfCXY/iNStiUaoQSMwGgGmXXQRT47/aKg/fMP9gAPbpue8R/hOl5ocVxsRPYY7UG9Zj5Cc8w1C1c/aM6T2nQe2NugnPhpiT9oynpFbOydBdackSkZ4jSZWM9NJGU19mLQfj8aqd0at66D1kfEOJHVEOvM9PSD6ODdwzKLhRck/wC95my5Yx0isYtkVSoWNyb/AO+UzDIGYA3senzlmvw50QuSpAIDAHVcwuLzXCsLHQ90Emw5dTMkpNq1soo72WsBw5WD585YEBVUqpN73N29BKuKruWKsW0NrMdR5HleEsFVW2YK7W5Arf335SliEDuzuwuxvlTvEeV9pPHyb2NKktFUowseu3qDb5xopUnQoHDkuwZ3OiglbKo+EG/oyCmuZAArGxdiL3F76Fek2WrR+vR+LfnDJWykMdxu0v8ASvxUZERW0cFyQd7Em1xBNRWU2O9gfvjEjUWsM+GN9O8MvlvlHzkvEeHsST+jKw5PSZwxAGlwGYf4Y8EqronOFbTT/wCCvm8pkKfoC/8ATr/xD/65kfj/AEQaAJsJqBNqjhVuTpMJoKdXcyTD+H3yvWrrfcSBuI5QAqkk8zoJVImwoHA3M3q4kIpY7CK2IrOxuRY9bn4Tb+cSUKM1/de8bicH14qm5JA9JKvFKd7FhFEu9tPzmlJ7+M6zuJx0CnVFrqZYR4hYXiDpbK2hOxhKp2gqIPAreYJ+UXg30cN6GXkihwLjz13KFFUBb3BN73841UDoJOUXF7OTshfgeHdi7U1ZjuTIsNw1KWNw/slCA5rhdj3dDbrDFFZTc/1vDerf5TF5SGoqdp/2xv0E54RfEtb6xnQ+1o/Xe4Tn1P8AtJH7xmz0m5E8vQXSlltKXGMbkGRD3jv5CXMdV9mhbcnQesVnqFiS253m3LPiqRCKNc0vcMrKPaZiBdCBc7nlKbDTUSShhi9ypBI+jzI6jy6zFJciydBLHFBSWnTdGBsX1Jd36WtoB0muAwTKwY6nXujax3DH05Cb0MOtMZifVv8AxSUsTji91HdTpzP2j+G0VXdIu4wirnt/gyYTgdRlLqy5NSg2U+Wn3STsoUdnSpTs6E+m+x85B2Q4kzKcNfYlk62+ko+BhjAJ+vc631uZDNOStMGOMX0VO2FG+HuFAysp0FuduXrEUG06riuH+3Q0ibB7agajziT2x4LTw1REpuz3W5zWup6aco2Cdxp9nZYPv6BPDUz1UXq4+c6rVReaj7pzjsnTLYlLDa5nT/0Zjdrd0Sfqm7VBwx02VPYp0+JmSzkHWZMvOZWkLIEHcdr5U8jvCUCcerALl3B0PlNkOyEugKa2bkBzuN5r+k2G99ZVvYWuJGhBM0JCWFq9W66cxKBYAbcputQgXm1EXN9LHeFIJvRxYI2uDpIq4QGwa1pYGGVTmBCje1x8JpiKaOcw0PlsYLQaNAQbBbk7m4090sYfE2319JWRfog26nrPK2HOuU6jbpO0wBvhGJCPnAub2Nt7R34djEcC2/MHces5ZhcSy6XI6xu4DWzHuaW0JO5k5r7OQ7iqORlfMDjMP6t/lMhUyA1LYigf3j/lmYdG3aw/rj6Cc/Rv6z/eMfO0L3e/lOcYqras7DqZt9LKm2SyIk4xjM7m3hXQfiZVwrDOmYXGYXFr316SG89RDfu3J5W390pN8mItDDxqxpZrlj7UhQVKlQR4bHXSVuG4Ny2RNH0LMPo88t/nK+Hao5DOzMR3UBN+9zNvL5x24PgVppr4jv8A8yM5e3G/srGPKWhd7R8LewdTmAGoA082A69YsG5nVWo5tD4fjFDtD2fKEvTGm7Af5lHzEnhz8tPsbJjraAOAxTUnR13Q3/MH3ToXBqwctUHhYZr30AOu/lELB4QvYnRT959PLzhfAUFf9Rny6khATYgdR19Y+SMZaZ0IyirOi8IYPmdCrKLi4NxpvqJz/j1P9IxNRmznLZBkA5es6RwXAGjhlAGgUm/4zjuNzms4VmOZzYBiL3OlrGSxRSei8pLilJWN/Y/g4WtnC1BZd2sBqeVgNYd7T9oBSy0UYBm6nlCXAsGMJg1Dk57ZnJJPeI216RKo8I/S6zu1zrp/pbaCTjKXkFeMfFBzKf8AbD85km/oRS8vvP5T2DjjO8wPeK/aHxa7nl0HKMrgkEA284ncXqvn741v6XEfErZnl0DzTBl2jQQDXfkB+Mzh+Hzt5Rm4fwemWuRpNDdCxi5ATC8Kd9QpIhnBdj6r7kIPjHbBUkAAUDSX8O+szSyv6NkMMfsUG/k6IW+fN1FpCnYxweg5aTpdKtcTeogIknkkV9uK+ji3GeDmi2oNpVpqLd3U9J0/i2BWorIR6es5ricIyOw6ajy5WlYTclsz5sajtA3FUjdmKkdbcoY7MUze4Jyje/WD8TXa+uumvptLfAK4z2y3Cn7vO0pLozj1TNxKlZ7VqV/r/gZZRxbSU8W362if3/wMzMZGvaCp4j0Wc3qt3j56x+7Uv3G62iA2pmnB0TmT/ob5PakWS4F+Zv0EkxXD3QopAzOAVAOouba+ckwmLRKZVte+jZetpPUxSu1NluWVWvc3IJJsDbnrKW72CKUtLsvPjRRyuyipkIVb6OdO8c+t/eDvGThPGKGIaytlfkjaN/dOze6IHEXJZV5KPid5VDAWJFwOR5xZY1OO+yjlxlS6OyKnLnAXFOMoodAuZl7o6X6+6adne0QxACLkVxYWbNa3lbUyrxbCumIdQFZs3LQXIvoTt75lhh4z2Xk7jaYLx+GrCiKgSxO5HTqo5f7tA3AUZ69JVNiXGvxPwvG+rxFCvsSWzggEGx18iNNJf7GdnVbEHEkFVS4UW0ZubCaHJxvkqJJOTVO6HHjVVqeFc20C/wCkUuyXZoNiBiag7iKuQcmc6k+6dOptcWt+U1rYYMpAsNNLDaZ1Jros6b2IHbPiFyKSaljaw1JhPheFXCUMz6Pa7eXlLOB4CuHdq9Rg9Q3Cm1gg/dHXziZ2v4nUxNUYXDgs7aG2yjzPKdGPJjSerLX9OF+sPhMgn/0qxP8A1E+P5TJb24/pPmyxeLHa1O8jeVozkQD2qTuKbaX1i4/kSl0U+AkaxlwlyRaLHZ4XvG7BOi7kX9RLyQ+PoMYOi29zClBCOsH4XiKW5S+mMXrMskzZBqgglxtJmdgLSthsenWWy6sNDJtMewXi21ERO11kqEj6Uf8AFr1nMu2df9aAekbD8iWf4gfEPcFjz0k/BqTs4Ke88refWDq9S4AjH2ZdbMtrEfGapdGAZaDWW0grt+spfb/AzYPI6vjpfb/CZWMip2yayG3QRBLx67ZnuH3RFZZqw/EnPs0JhHAU0ubODcgDRgfTUTRMGhFPvN32sTbztYCX8Nh1SoEGwq2+60rpoWLakmiLE8LqliQl7nkyn4XvKGIwdRfEjgfZP5TqzoD0I8wD85VxmFSwOUe4W+Uyr1O6os8Te7OY8NqNSqBxcZdfjtOodosXh1wyVgD7esgAsdLW7zMDoRFjtNRUU1I3Jt192sYezlKhXpKlVQ2UAa6EAa6EbCXjJOpM5Wk4oW+A8Oeq4CU3exucvQcrkjWdLbj+HwygOlVAB4WTUDy1sfdCfZ+imQlEVFvYBdAAIRx3DaVZcldEqL0YXt6HcRMmVSfktDKPFeLKnBOP4bE3FCoGYC5WxVgPsmFC4GkTeEdn6GH4g7UEemipbxEqSRc5bkkARqIzGRmor4jwt9muLpCopW9r8xuPMRarUMNw6m7qO+2rOxu7nzPIeQ0jBjcUKS3JE4320x9XFVLA2QbDr5wQjvfQ0pJILf8AqUvn90yI38yn6xmS3HGR5yHgmCu0OIUp7MCzLa/md4SvKGPwIe7+Wvu2iY3TDVg/hlEpTzc2P+kp4zE9Cfvt8BGqvhP1FM+X4wHiOHqdLbzTexUnRXweKdQCCbGNvB2q1VLKL23i/SoZQByG0fOylHLSZvL77yOVpItisR8fxioGKoSCCRpIMLxuuCO+T79fhGzivZZGY1EJFzcryvA+H7PhWY5Hueh0HmDaLGUWtjSU7C/C+0JdQr6nrF7t7hWzJVXwnunyO4jDg+zRBzaj3zTtXQH6M6n6Nj9xk4ySnoeUW4bOdql7eUYeE0MtijhiRqAPD6yhwnCI9UK5IQjf5Rnp8LWi75dVOXL6WvLTkQjj8XJk6LprvI6ps9L7Y+UlEgrt36X2x+Mzsmil2ua6fdEpgd7j8Y69rj3G8rRKLTVh+JOZYGKstMW8DZr9db2hHDYnM4e1r1b26XtAghPhrCzAAaFW6+XpKaQIptpI6SBPMQO6b2A8zb5zn/EeOYnOy+1YAHQLZdPcIGr1WfxMWPViT85mXpd3ZWWX6obe0NRHCqjqWU3IBvp7pBgeKKlUorEFgAdLDbrF3AMA1vrC35fGZxJDmVlBuQNuol4xS8Qdx5Ls7D2XxzBgoOh847VK4VSSdQLzkvZSo5ym+tvjHDEV3FJi220jNbKw3sv8OcsWc85efiCIOV4FpY1UpDraJfaDj5W5udPOSSbZd8Yxtljtxx4uPZowDPp7uc54yVl2Zj5GT8RLv3yTm8QP4CEeCBqoUuptm8WW6tY63PI+s0xXGNoxyfOQJ/SK3U/wf6TJ0H2FPov3TIPc/g/ssrEzDSLqyjc2t63mSbCV8jhtNOov8JCLphWjMTVYUUVhYi4IO4sbSg1ItqNpZ4tUzBTfU3P3m8HpVNrTQ2cqLODwoZwGNlGpP4R9wFJRSsNLTnTu4F1NuvnJE4xiWGRASx23/CTnFtFcbSY/ZyDbrPHplTcDSCuEUsS9MNVsGGw5n1lx8RprvzmdKtGm0whUx6hco3ip2mqA0XvzlypXubSpjKaOtnNlvGS2JJ2qRth+AoKCMy2fukPceHoZ5xBxmAB0AAm9DjFNAUR/aPbY2IUbQeHzEk7mPsllmlHiiZTK2JPfT7YkqtIMX46f2xAzKVu0utN/IRHQ6CPPH07lQeUQ6LbiaMPQk+y9hcPnZVva+59NdBzMvUaIp1FW5s6cwARfbMOtxKWBxQRwzC4F9t9Ra4m2PxYcpkzdwWzNuTe9zHd2dFqNM24sliG6ix9V0lf9FYi4hSsmdFJK9/XXSzDceXvlrAlApzKDy53MtBJRcpIaUeU9PsH8P4M7kE90b+f+ks8TpGk4vbLpt15n1hvDVCEF1b7uXulDjeNplMrqdRpqMw9x1mZSblX0Fx4oYuxKA97ex0jpmGUKQO8ee2+05/8Aye1e4dTa5tePRxSEIo11ufKLKOxovRX4tw4alNB0O3uM5P2y7rqvqZ3DF6oZw3tu36+3QQYl5D5ZXEzArnpr6WmuGrVKDsqGwazZT4Wtyt1m3Z5roR0PzhfiPDC1LOB3gb+6OpcZ0+iP1aKn9JH/AOkv8TflMgf2rdTMmi8YfdkOpmCe3nhnnDkGINxboZXanlFzzm1Vu8R1/KQ4qrew8pojtAR6ay3szACF8JicOhVlqC/MZTfzi17Fb3y3lqnVojegfvP5zpF8aX2PWG4kn0HDDpsfunldg/eX3xVwzUnP7HL53I/GEKddU0Qm3S8ztKyzaRJiWtBfGy70Tk1II5XljE4m+sq8ZDrhhlBzObgXtpKY4+SITl4sCcDpFKjXvcrzFucYqJi5wim4qsXFiUHv1jBSMpmVSoyRei0sgxjWZD0dZIGlfGnwfbWQaKI94ybq/ms55sxnR+JjusP3TOc4oWYzTg6JTN2fpN0vIKesJ8Ky+0QMoYFgLG9vhKy0JRvgHBujHxaqTybpfofnaMXDzTcAhQrqMrryuNMwB6yD9GXKEQorO1TQpmBynTXTLYDS0oYSuz2Zf2yXzDlUUaXH7w5jnvyi8nOLiOri7GVm57CKXaDioqHIngB3tqx9eQk/G+Is6KFBCHxHz+qeg+cXKknjx1thlKx97GPaiT6xnw9QgC0UOylQ+xPrGPDVL2hfY8ehqw+KLpyuNCDvOTdusK36RfqJ0nhyNckbWiB/KAStRCPSLH5aHk047AnBaopk5ybG2wvGWpx6o65aNIKu2Z9T7ht84A7ONmqhW1VgdhbUbax5wS0iSEAzKbG+/wAYZtRdtWya3pPQA9nU+r/g/wDzPI3ZTPYnvfwbh/QXgcKalREW12IEztZSFOpkS6FdCdCp/CX+z9VUZ6z5RkQ5c2xZtAIvcUrgE5mJdrsQ3eTXo3KavTYlxtksk3yKGALPXRHdFRmGZjpYc9Osn4nTVKjoDcKxAYbEcoMw+BzMWBykDS5upJ2seUi4p7VFIIItYXGo9xlJYo/QIzYSpMo32hnCY5EsQq+thENOIsBqLyYcXI5GZ5Y2y0ciR0ipiEfUgA+6C8ZUppreJ68Vf6NwJe4cntGBc6eZ3kXj4lPccgxhS1VgbWQH75B2wquSiIbCxvrbSGMLQCju7Ra4nXd65CgMBoNdYYN3o6aqOyHs/Qf2hznUrYa325RgQWgLhWKRK18pzA6ga62tve0YEIIv1nZHJy2SSSRsJpW8SfbX5ynieKIjZWJvvoCZpT4rTd0VCb51OoI2MRxbRyZZ7TGwBXT/AFiLjfEY99oUJQgDziPi17xmjAiWQpo1jL1CsVKup1BuPWUSJNSlpRFQRTilUAgNvc7C4zb2NtLysKhXVdD15j0kYmHzicUgthHD4wP4rBzob+F/yMp4vBWJK/wncenUSzhAhRy1NSFHiubljsOkrU8SzWRtR1+kB5HmPIwLvRTkmqYz9kjantHLCYDNqdIsdntUuL76XHKPnDjpJSdMeK0aYXClL63BiH/KHT1Q+c6PVfkIidvKV0vbYiLB7HkvES+FVslVG6MIc4hin9qTRJUPZc2wPWx/GLdKg9xZG/hMfcXUwzU0z1FVls2mrA22sJZvfRmrRS/mWr1P/dP/AMZkt/z/AEPrn+FvymRKl+B1+lOriy10ALeQF/fYQXXwWIXUKXX6p3A9OUN8V43USzU0pU1bRlVBoR6kmD/6R1GFiE9Qtvht8J6CaqkTps14ZigqhWGQlrsrrdbDaR8RqdxdxmJbQ5lPu5SCvi3c3LE+R29LbTzE8PLqKtInTRkv4T5eUDA0D6uFVtRp5jb3jcStToZXGYi3W+nv5y/htWy1CEt9IgjXoZpiVvYowOvMWNvOI0FBPAUaZDhld1KaMB3QdNdRteR4ag677TSrTxOWzsxUACwOmVttpdwxPswGFmQ5T+HwmfNHVo0YXumGVq5KRc7AXic2OqsrqgADHvMB3rfVzch6Rj7Q18uE0+kQIq8Mqi9r26n84mFasbM9pBLgeDK3Jtra0YRoIEfGqlsov6bQjTxIPkdDrziyTeySoX+PNesfQTTgX7ZPtCXsfw16jGopGTQX1tfpeQ4PBPSqIxtbMNRC340CrY3cRteInFVtUaO2JN/uidxlP1je6H02pHT6BZEkpiYBrJFFptolZ46yM6yczRkvElENmq4pghT6JNz1vtIk3mOlpY4fRzOq+YkXoZbH/s7hsqII34drAQFwxQABDyDSZpGqCJs0Te2LjIw56bRuvEXtYblhvYQR7GlpCw2KVdCj3/eYflPKmLGhVEFwNTmb4Xt8JDj6gL3BzXA9xtsJApmmKoyym3plz9Jbqv8A20/KZKt5kaxKHfE00qowuO/qD0br6H4RQq0CpIIsRvH7sxhafepOl9MyM7lRcbiw6jylri3ZrDuntU3tc997EDxDVPEsudaOZFiIX7PO+exFkfuktt5GGqOAojZUPn33PytPMRw8HUByelgi/E3nBsvVuC4aqoDO/tFJRmRRYfVJvv01IirxLhT4d2R7aG1wRr0PlHFnUopdwocZGRNww2Jt+YirxfHOtmVAPoNfXbmRtABBTDHNTXXxIR70N5CtDM7AfSRWHqNDBfCOMICqVNFzXuB4b6HQcvSMowSKKdVK6Ot3Tu5r2OouGAtJ5NxY8NSAfaYEYdVts0VcECHUdTOg8Tw/tEYaaj4xOVQGHUem8jheqKZluy5wureqVa5UXvp8r6S0eHHO3fslzYc7cr8lmjUclmQKzMmZtb7jmOvlCuJx1N8OhVWD2AJuAtxzsNz6y5I1o8SRLI7goRYixZl815D0nmLanlDK+YAg7aixuNIDxmDyKrA3DfAzbhyFmsurHTLya/L1iuCfZ10FziyXA5EaQHxlf1h9BDGGpexIVlNx41PM/VPT1gnitcPUYhQovawJNrQY4cZWdJ2gYF1kqoTtJ3wyZgEYEnysL++akMhtsRNCYhXM8WSuJERCceOsM9msKC+bpA0cOAYfKg6mQzPQ8FbGTBm0MUqkCYYaS+tTSYmakW2eJHav6R6qY2l7RU7VKDTc9BGh2dL4iXg6qhToL2O4v6Wl2k9HUkW26k+Zv98CgNyB+6a5z1mjiZWxn/S6PQ/wf6zIsZz1P3zJ3EFjmnG1Rw6IWZTcM5v8Iffjddr5ajKrd9AndANtRpyI6+cR2SG+CYm6FD4kOZfTmJoAzXi9aoGDB3yOLjXY8xBbOx3Y/eYdx+HzIwXUeNPmR84urU6zgoJcKxgQlH8D/wCE8mhjGYYOrA/SAB8m5NpyMVSYx8EqvUSwUuU0IAJuh5+7rOA0K9fCZSQRYg2m2HquhurEen+9Y38b7O1MhdsqlCAbsLlW8JsPdF88PA8TqPcYP4MmFeF8S9oCDoRuR84uVaX65jyBPzhnhWGRaq98m5ymwHObY7hgV3y3KDNdup00ty3klDi9DSlaop8Lrm7La91a3UaQa7MNAT7oe4FgSKuXOneBGp2O8t1ez/s2epnByi4CqWGu9m2vzjMUH4Km1WkyNe6nu6G/leXezmFelWIqLkBVgcw74tY3QbhuhljgOOKPcs+VtGsBfyOukJ9p8QqItSmUWojC3ezvY/WOxXp7xO2CwV2hw2RiUfvVLsM2+Wws19rmKrYZ72KnU8ufvhTGcQ0Vyx797g6jQ6iZQxSsO7Yi4GzCx/d13hSAUcNgmZipBFt7g7e6b4rCvpbvKNso0HrzlurxdAwTLYILZlvmJ5k33k1HHo50IJPIjKT7xzhCL73BtsRvJQwG6g/fC2Jw4cgWAJ+kV19TbnKj8LqXsuVtbaN59DCdospgaQUhlYuwUq2awS51BX6QhbgmIvdDuht6+cjxuEemwDoy+AajTrodjB/CK2XEsDzJElkVoaDpjtQWS3tK9N5I7zJRrRIzaRe47TzI6jmIad4B41VsrEb2nIEugLh+E1ynhuPtrI37J1rZhlA55mv8p5R7Q1lFrIbdQfzk/wDSita2VPuP5x+UkQcUUf6M1eqfefymSz/P9Xov3H85kPuSF4ohw9J38Cs3oJbw2BrI4bIdN9tuc1w2LI0Z9vor+cI08UN8gt9Z2JPv/wCZtJ2HqHCGAOd1UWDoPEWU7r0vBnFOz9NHDorujjMpbujzEL8D4/TC5Q9NXp6qQjElfpJf3mRccx1JkZVz1Ld9C2i6+IWN/Pl0nAVghEVdP1a+QGY/dL/DMYEdTmcqe6wVQoKnfeLB4w/0VRfdc/GVquPqtu7emw+4QDUdWq4dMpBRQoGUtUe5KN4Gt5GI2JYIzITSBUkaf8yDhGKLpZzcpp/cP5SHjeGsQ/8Adb/xPvE6tgSJRiwGB9oosQe6B198uca4mD7SzF8zLrbKNTrm01itaT16wZUBNiTl+VrzmGgk2NCd7MhbkFG3vvYQjgeM1qqOpYC5INlUXuOemu5itVplWKncG0t8KxWR7Hwtv5HkYtWEiq1KgJVmNxpvPHxJ9kyHXUEffqPSFON4YaOPQ/h/vzEEU6Ic2Jtpv+flCcQOLgC+l7/8S57YKumyi3vMqYyg6C5FrHQ8j6Sq9ZipF/OLyAzYPeeNUttK6vabM94UzrC/DcTk1Zmt5dYwYCv7R0VXRtQbOBfTUg3/ADiij6CX+FeJm6L8TGAdKOJVlIdGUO4IHiQhRqcrfgYsVqSCsxUJbObWQi2vKUhxGpS8LGyLsdRdvIyjgOJB3XOuViRqNj6iLLoMOx2zTUues8aoJraYmbUYW6wNxU9xvSFmcQTx02p+ptAB9CslO83FGbrJgIbINlf2AnssWns6wEWF5+p+c14puJkyegSJOCftF9/yMZqfhX0f8Z7MnHCg259TPDMmTmME+B+M/Yb5Qnxf9kf/AG/lPZk4H2LRkFXdftT2ZAzmXeKftT6L8hK0yZOQRhxf9nP2B8hBfDPE32G/CZMgOLva3+zYb7H4xUG3umTIgCGe8pkyEBZp7Qlw7wv6iZMjIJd4l4X/ALv4QNhf2ifaHzmTJ0jo9nQW5TwzJkxPs2ECSjx/wD1mTIDn0AEkqz2ZAQPZkyZOAf/Z', NULL, NULL, NULL, NULL);
INSERT INTO `profile` (`id`, `birthday`, `description`, `sex`, `first_name`, `last_name`, `user_id`, `address_id`, `profile_pic`, `active`, `created_on`, `updated_on`, `age`) VALUES (19, '1983-05-12', 'I\'m in love with the waitress...and ghouls', 'Male', 'Charlie', 'Kelly', 19, 25, 'https://encrypted-tbn0.gstatic.com/images?q=tbn:ANd9GcSIXI-ZZ_fUCeJQwUib_lbctvzaUjRTrpCjMw&usqp=CAU', NULL, NULL, NULL, NULL);
INSERT INTO `profile` (`id`, `birthday`, `description`, `sex`, `first_name`, `last_name`, `user_id`, `address_id`, `profile_pic`, `active`, `created_on`, `updated_on`, `age`) VALUES (20, '1983-05-12', 'Former body guard looking for fit dude (nothing sexual)', 'Male', 'Ronald', 'Macdonald', 20, 26, 'https://encrypted-tbn0.gstatic.com/images?q=tbn:ANd9GcRnVTo7GcN3lY56FNUhRzA4pOvR1s-ELBNnAA&usqp=CAU', NULL, NULL, NULL, NULL);
INSERT INTO `profile` (`id`, `birthday`, `description`, `sex`, `first_name`, `last_name`, `user_id`, `address_id`, `profile_pic`, `active`, `created_on`, `updated_on`, `age`) VALUES (21, '1983-05-12', 'Known for my double drop, tend to ruin lives', 'Female', 'Dee', 'Reynolds', 21, 27, 'data:image/jpeg;base64,/9j/4AAQSkZJRgABAQAAAQABAAD/2wCEAAoHCBYWFRgWFhUZGRgaHB4eHBwcHRofHh8aGhoaGhoeHBoeIS4lHB4rIR0aJjgmKy8xNTU1GiQ7QDs0Py40NTEBDAwMEA8QHxISHzQrJCs0NDQ0NDQ0NDQ0NDQ0NDQ0NDQ0NDQ0NDE0NDQ0NDQ0NDQ0NDQ0NDQ0NDQ0NDQ0NDQ0NP/AABEIAQMAwgMBIgACEQEDEQH/xAAbAAABBQEBAAAAAAAAAAAAAAAEAAIDBQYBB//EAD4QAAIBAgQDBQYFAgYCAgMAAAECEQADBBIhMQVBUSJhcYGRBhMyobHBQlLR4fBy8RQjYoKSsgeiM8IkQ1P/xAAZAQADAQEBAAAAAAAAAAAAAAAAAQIDBAX/xAAjEQADAQACAwACAgMAAAAAAAAAAQIREiEDMUFhcSJRMqGx/9oADAMBAAIRAxEAPwDyy2NKTgxSUEKCRAO3eASPqDTbjyKv4YNPkSYecj+A+tcQVLhV/wAm43eo+/3odBpRoUg+2ezFC3PiFS4Y/F3ComYlgYp7plxz/YVaAneCI0060YuIyTGWf9Qp+GxHZbUAkRGkmmWVzNuQJO1R5B+OunpHdxDRJQSTIg/apbF5uw4QAhiADP5T18aWNXUAjY6fFPjE1K4gIch3PZ1BPZieRrOc7/Rry1Gi4ZjC0SgBHQOY9FNFY6/prbB8Tpr1BE/Kqjhj3BuCvTZNDsAWInx1NS4u2IYKhJjdwTtvDCQfGudx/IXemWNotcMaRBnwA2HWrHD3cjdl8szznTuI0n+TQK4dmukDrEddBRtjCa5WRgp1JABI7wA2p8RXQx0F8Qdms9pywnbeOXxDTnsKteI3FAY9jx0mszffMrwGgAAE8xMDswAPrUeJYKv410GkIgnwmSI5/KlUakCLTCYm0q5ipYzyQ6f7o+9V2OYMrkCB2dOerc+lcwHwEq0N6987RXHRjbckmSyASDzffbWqicYfSG2m2k69/Pb7VY4m4FUnQHxP2P1qut2G1LS3SBPWrC3Zti3JV80cggXzJM0MGV1u5KXf6D86d78kgkx/PlTLEZLuukAes0me3zP/ALKarOhsssTimygyu8TufnQ2Hebgkzv06HptQ3v7U6wf9w+tT4C8jOAu+p+KdIM8qmZwRS4jLmbfc/Wu13OvWlVYXrJGeUQT8MwIOxJJ+Z+dMMRsfQ01BE0i3fVkNdhtlgMO4gyXH/UfpUdlJHwk/wDH71xLn+Uy888/+sU22YG00kKvRKpgNpEiN1Os9x0rllmDfCp7mZalVsy7AZe7qRzplvFQ06eg+9GtGb7XoPsYl0DQqQ4ykzJAO+Xoa7Z4xdTsqUAExmBJkmTqB41I/EWZAhKkE/lHhI0kHXeosRYU2WYnthoRfFu0e+pzU9Emkks9sku8RxFwhiyudIIW6fCJAX+1TXf8Q5UGTdk/hOwA/CeVA8KxrKCpzZegYiTrHPerS1dZmViQhh9XY6AAfimS1Tmb+jVdPMG28FjF1KMY6WA/hqDUd9sRJUswI+Ie6VI6/Cas+DY9g/8AmOHkHssWPhzyj96q8bbGcsyQSdABlA10IA0qVu9gqTfoDUXGukIzLJ0yxyAnc1etgbuSXxjROqh1JJ7gAZNZ9chutnBjNuDrv4VrMFxJLK5bfvIjUNl381JjwIqmF1jM9iLQVXHvnYdmS0yoLb7CDv6UDdsJGt1mPeWj5irfiF8ujsT+JDsoAzPrtEjvNCYllyEBkB5wJJ8wD9ab9IE2LDYJSgIuMevbYKD4Afeo7uFC2nG+Z0/ESd+fQ0RhpyAjWO5R37aGo8Q5ySQB212Gm06iiQVNsdwX2fXETlCggwc2c+ejjTvq2xXsVkQufdADmQ/1LwKqsHinScrhARrlMT6Ubd4ld923+dmQbKco5b7Anwmord6YOnvRWDCBLbiVhmQEgaRmjeTI1qNsApEjIRO4U053Z7Lk7llHTdh+tQYW5ctFlGg5iQde6ftVd4X89hVrh4YwpXyRQPUjSiFw3uzOYTB0hQdRvpQo4k45jzA/SmDFM+fNGiHWNdO+ieWi7ArdsQO2u35R+ldofN3D0Fdp9lEJbfxp6xGtMZIJHSPoKlABExqKoHh1HlY7yf8ArUtmJiD4iT/aokcDWPKrPh7iSSJBjQfvPrSbZn5GpQM6Fcw5RyIg7+nnQebWrzi6KsKAoEcgAdvxHmap032FVL1EKk5TwIw7SV3gEfyKesZ2mN+f80om2yBfhUNIgjy0NT8KxyI3btK/XMzD0imTVfw1IBvqqtKsNp6Qfyzz8aIdjkRs2jZonTYiZif4K0T3MM7jsKgIAJRTmB5gFtOe9AcSsW86IjdgB4LeKTrprvqaz3tofirVpV4fGco7tdB6104iXVYCyQNJjcd5qyw3Di2ikakgKp1P/ACfHajbnsncTK9xktgkQCTmMeAkn1qdRrK19Iy1ph746xLRJgjzFXLM6KVZJWd1WNhv2RDDz/WjOF+yD3SXS4u/4kYT/SzCDSxfC7lpst4E67g6dOoHXf1odIqpe60Vb5TafKZ7aCQoX8XQx86DxxcDSSO7Kf8AqTFW2KwuRY7MF1IOkaExMMddOoqtuXiRPXooGvjvVN6kR+iTC2ybc5AdNzk+hOnLXuqJxFobCbvdHwHppyo8ISgB8tTI5TPrpQN+0otqB2f8wn0Ru+iQn8kKYhJghWOg3Mf9aIuHsa6AnfQkgbEdadhHy7Me8QDMeOoGvKpMbeYprrrIMRr1kkyaAfvoDtNFgk//ANFB8gp8tKYWJPZRT1JIH6VL/wDoUdbp/wCvTyoYCD+k0xsaX/pH9Jn5g70+03YuH/R+vWm5QZknf+cqcsZLm+wGs8yRQikA+87xSpuXxpUFji/bfQa/ttXckCT6U6zh2Ysq7ga05bDHYiduQ+9UZvNIE1ny+tGJdyfcGm2sO+fICA3IztV5Y9msW65lKEHvH3pCrCsZphoiRpoPtvTsDlLdqBUmI4VftuiPGd/g107/AAplvhuIDEKpnmAJFNPDG/Hs5pZ4q2ipIZSx75MTyEVFwzBO7LBCgrOYnsjpJ5fWhcRhL6ZfeKFB27AEwJ+JRHLmateBcKxjQ9m3a20LidOsMI86G/op8WRx3QTiNxlIGcMw07IJA105Uvcs/ulA1yNIiN3EQB5VbHhGOViThsOWO5yJrrPIj6Uf7NW3OJL3FRWTsFVAC5yc3Z6AKpPp1rNvE2a+OVK4o2fsj7OW8NbDOAbrbkiSsx2V+X8ipfaLAC6yoFgSCzQDzABnfc/I7c7ZGUiAdhPgNfmdfnXLSso7epJk+I1A8hFZ6vpvPXoH4TgxbthUg6dtTrJjWe/6xVP7QWNNBmmYB1B6oe+NQ3OOu+jw6BTI57+P96pePLJ6AmDHKdm8Q0etKn0P6eXcXw4RkyklHYMubUjRpU9YNVOJY6Qw1I5R4yYq+9pEYgwJYPmA5ZvheO7Y+BFZo4e5mAKc9sw+9XL1EVOM1b4VvdKYkASCF375iOYqkxMZLev42OsfljnR4XFKq/8A47xGhDoJERsTrQWLznIGtEt2yVJWRGUSTMc/nVT9M0sC+H4RXEgjxOWDHedBUnFsIoSCRPIZVg6jYjxJqDCX8pA9xcDMZhblodwidfKm8VvzobFxY/M9onXrzpfQ4vQHE24t2xI+M7GRorDeokwjEyflNEY6ClrKpnt6MVkctSBB8qBt4HEkdlAR3f3qmaL0TNh42M/8p+kVHdEW30iSvPvFIYPEgfAI8P3puIsOqFXUBiwIHd/AaECQBA/k0q57t+6lTKCMO753KgyRqBHTvpltz0HmBvXcPiSrsesc6ma5m/g+xqkZsjsuVhwASDsdR3aCtVw/2mxCWzktW4iSSCI37xJrK2bvxLuDHqJjnWk4ZcIttkZWJBkRDqu5YdQI5aa6ilhHlaS3ADifGXu3EuMACmwWQNd9aWA4/eV5Dos/nEgecVLiLyKjqRJYqykaQQWzE6aE9nTxoLAYts8hwP6mYDzKwabRKac7hc43HXWV8+ItXFfL2VmQQQeyNh391Xfs57TYe2iozsGAGyuRsNt/lWc4hcbI+Z0MxOQXDOojtsvXvoXDMzlCTBAWOgyx106UJaJvFp6RhuLpdfMl1iO+2wH/ACKj60Ngl7bvMku5kbEkhfoo9aHwvF3ecwiNAFe35HLAIk8j0pmGvn3RbXMWbcQcxYjUcjWPmeSaeDujQWOJRrJMkse9V+Ef+o/5mrvhwd/ib4VJb+pv0g+teUWONXLl7JYCwh/Fmh4IUKoXU9fI16JiOHXL9lAzm07A5wuql1+Geo561zZSabPQmZZZY67kWVYHw11Hh/NaAxONW6kjeIP2NVS+yt83Ee7iLoRRqnvWfMY6ZQFB8KExN4JiRbQdllbN5RB8addPpi4atM/xbFDPuRr58uv+ll9KiwuOtF1UKzEEblVmfGguKN/mODyefKYj0j0ptvh2a8SjoAWzD8XiAFPKrSTRzeRHpj8QtBQrqyab9kjTeGmsHxHEquJDIxK5XiQJIJtiO1tqN612GuoFVGvIxIhQJBnX8zT3cqoLVrNinyOAURohc89saLH9O9OPT/Rz8u+w3DcZREMJcdtjC7TsScsR3xVXxXiClJZGViTo4QmJ0gECib1q+0DLCspIARiTJHMrAPdQXGOGlAEyLOWScnn8WSPKaJS0ZWYnGZTZaAZRtCImWWNtqeOI2uaL6yOvIUPdcqy6DsoeU7sOXlQ9y7mBzAadAAJ8AK1paxoLbF2I/wDhViTv+oA8edBY1BKjKFBMwIj4T5VBbcCDofQf3ojEYguys0zr8lI5GhLCkC5U/MKVMn+R+9KgoFtPlZj31a2LiQdzI0/bpVQGJlupoj3bEaD5/tVNDaGIkuQOtHC57vKweDyynUeFA2pUkjcfpXLSFjtPhFVpFToS93PLMxOupj7U/B5lfOukazCGO+DpQ622hlynqBz3/enYcOZGVojv28dKNE56xBuMxbuId2bnBgDTuGg26VFauxz5DSI+lD5iG1Bp9p12OnX96ek1H8Q20gzqREk7Hr/uFafh2tlVnm33HKsY1wBtwR3VofZvFlkZfyk/MftWXmWyaeBZWk/sRiVw+KKuNLhKgnk6klfCQW9BXomP4m+dLCWLjvmzZgcqAEEyX5R0302rzHFYfMTG4dWUjcdoj71qeG8Qu32yK9wsAAyBwg0O+ZRmg+PWsGk+zv8AG+8ZueKXCEgsCeorEoyi4zGJCsB5xR/GmGGssX0YjVixZj0ALEkjumsTwrFM7s5mCQB4Cfv9Kh622VTSWAfFWzXXPfHof3qjN9g3dPICrrFW+2e8k/MVSOmW6VIOh6Vv4/RyeRF2mKBiZB5CSB5aih8LdQ3XNwZiIy6EgHM0+Gg+dHOiQsZFMczqfKqzBoud5aNR1mJaSKtPo55S7LOw6Zx2Jg/hJDTHUEc+uldxeMYMTlbKTpGT6ic313oeQSMpZtd9evnTMdZI369P7UtWjwgxN05yYHwLMhTuW5EfSk11BlhdZ6n4fI6a9IqC0S5Y5gICrvG2ane5IGrDXv1+dU32GFgbVv4s512gH0GY0HirILhQDAkiYnlvE9ajjTSBrpMTUd9pYbHsnl3jahApwZ/hR/P7Uqj923WuUxjLWWWnrp6UamH0BDDXqdPkarrKyT491TOeXPmDSYyZLUuQfLXy3rUYH2cTJmLkH5fvWNtsRtv+1WeG4heAID6a7kf3pXya6YNMfibGW8EBmVP1/arDhnCHuSGIUDmSBp1OhqpLk3FJ7WncZmfCra1nyEowXopEzSbawT3OmCcW4ULIzLcVwGUEBgdZ6AVZpw51PUvBkDbzmqXH23CS8fEvKDJ8PuKNPEXK5WVGQaR3EEQRE09eCbeB96w6tBsg675VOnoar/Z5T2zyzGfWKN9lbF7E4kWlf3aAZnYAHKogQs/iOw8zyrT8T4FZwzm3ZBy9kksSxLakknvJG2lRdPjhr40/bM3htXPSfoZpnF7j2MSj2mKMSRI2IJ2I5irDhWH7bMfgzxPmRXOLYXPcRd9Y8ax5Yzola+ikx9/E4i4FuFmaYH5R3gVdcLwwVwo2t7nq0Fm+h9a0r8HVELkwQJ+U1XcKweW2XJ0bMZ/r7AP/ABDGly5GlpSiju4UlkJGhJ18Sf55VJ7TeyzoEuCQygK5HNfwuNfAHppWjs4dbqLA/Hp3Aa/QmtVjSiYd2xDKLSKAWb8x0gdWMgRzmKqG96MGtR446XAQpvhh3rEcuRoLBWSwchgIIB379dPOtXfwK3LYvW7FzI2o/wAsug3jthPmJA2ms7w6+lrOtzN2m/CBqIAPxEHr3V0rDB9fAvhjW1P+Y5UD8oYyfl61zi7WWaUdn7209JJNPXGYMntI5JG5BAn/AGvQmLxuGki2jKOpzGdNgCx586XFbokyv4bbDTJ/EJHdAq5SxhhIZrq6fhUsJ6yAR86q+Ei0FbOxDZoEEgRlXX4DzmrZEwxWfeMDyEzt3FBNOp36JvsrsZbtgwmdtdyMvyj9KC92xbskCBzPU/Ora5hUO19fMKP/AL1UOhzmDsB56nb0oS6KQ/3LflWuU/t9V9f2pUZ+RFaphm05/ajrt2QJGagAZLeNH2hAjTx3+VDG3gIh1OnP7UWkaEKvnTLKDOZPoB9Kky8tx6ft8qYmyBXh9NI18NasLQJk+8GkSBIMeulVzJ247qnTTQ846felSBj8SzFAS5PbGhnviixZeNUOp+KBPyE/OgcS22kdoemvMUatzKAdde/ffmKTE/Ro/ZNSge5sWYDyUH7k+lXXFMV8LtqWZflB+UCqjhdyLKkDfWPEzVf7TcYyuiR8Ik+MA/zwFYLapnW1xhIvEvBERRuQGb5n7iocOCzq0ahx9Qai4YPf2xcSGEkNrsdoI5eFaDAYEoAWEHfz/k+tY19RtE40yfizlrDjmVNUePvsQllPhA1PhsNO41oggYxE0Hj8RhsH/mXyA26W11djyhfwjvMCrhN9IPK19FwrFDC2jduqQhYHNGgMEAAd/wClVWI4snFsXYw5LGyjFgolZCrLFxzJAyzpAYgdTjvaX2jvY181zsovwWlPZQdf9THmx+Q0rR/+JsHN2/eI+BVRT3uczegQf8q6VHFbpyt8n0ewG+iKBACqICjQADQAAbCvNv8AyDgcO6NdRQLimSQAM45hu+Oe+lXfFXYk9o1luKgkQTUOv6NVCaxmGtRMhftHpQ93Qn+/11p95ijMuUQCR8WscuVDNMyR8wa1RyY9JUAyk85pytyqBLsDZtzrGld/xC948jQwaZMTFQ3X7XkPvXReU/iE99RYn4j5fSmgSHyKVQ6fyKVGFHVTUgEiPAnane7PK56iKSLLHWdvOpX0MldPLT03oDRqI5jIZPiBPrFFLZxAE5JHUFD9Ca5g0DE9nN3aferh+H2/d5ijKRyzEecAxUusYtX0zxutmzFTMba667/zpU+G4kAZbMY5UigF0BW0y7ztvz/m9WOGwobdxPKYodJCefQbF41HChVIIIJ6af3py4hCIAESNQdfrXMfgwgBDKSWAMAA6ydSN6JPBxIzWQNRqruefRjRs4NSn0i4t40W7LMdco0B5k6AepFZDiOLNxy551ee0fZtAdXH/Vj+lZup8UrNOjzPtT/RPgOIXbDZrLsjc42PcynRh4itCPbjGMAGNsxzKwfkwHyrMqacXrRzL9maql6ZfXvarFtteyaR2FCnybVh5EVTO5JLMSWOpYkkk9STqah95Sz1SSXoTpv2OZ62PsfxsYbDP1a4T5BFX6g1iXej8LYZrYA2gn1JqL7RXj9nomF4u10BuutDcQuaGu8Dy+7T+kT6UFxe4JMVzNHYulplsSoa40jnrXLvuxbeJLcp5bUji8rMCJ1ockNIA3/WuiUzz6/yYzNlCRzUE+MkGi3ZSOnjTsOtsooKGYEtPON4mue4GXbmQfEc+6hkPGxl0IV8unP0oVbYYEkc/sKLa32SDoYqGzb7M76n5GKa9AvQN7hegrlSZx0Pr+9KmWdRO0RPTWnYhGkDpz5H1qGzejeTVnh7yxrJnuOlJ9ARcOuMHMLJPIR39dKvMQUKEMrSf9JMHwFU3Drg94wmM22nSeorQ23IEHUd4BrK3jEzMqqC4ByymSRz15HyozCsmdRyjc7f2qBiDf3I0O428q62GdioUZ2EyyiBB6+lW+/YmtCON2UAVl3Lgabc6nw9184DFoGuux6UDj7WUL2ge0NIiD6mtbZ9n3e014RtIXWYHTvNRTUpaa+GXVLPhlvaO9mVB/qn5GqUCi+JvmIoQVr41kj8r2mcimtUlNIqyCJutczb05RqRUZ+n0oA4TVpguIEW8gGo+lVbUfg7AIg9Naiszsapz6Nf7NYksgXmNKl4jhzBNVnsw+V2XzrQ8RfsnpFYV0zrh8pR57ftksxzAa7RT7aEEkmdDyHTlBrmKQl2IB+dcQQCe41vLOOvbCF96oAChhHI8vOnFr0ybNyO5Wj1iuIY/CRHME0QuKedHb/AGmDRpm8Bf8AFAnKQytyBEVAt9QInWT9TR74x2XKXJXoQKqyq89z96r4ND8y9RSofKvd/POlQPByEie7umpHuEmQQPDT611VMtBqe0M2h3+1JsYsHcCnUkT019TVg13MCQx8Q438D+tV2GsBmZSDoxAjlrRw4OsauR0kfrUU53sTBEzBxqc2uuk/KjsPiXnTWfI+W0HyquxFoh8oYMetPs2nBkZhH5W+2lU0mJlnwrBtexCW2RguaSCN41Otes46+ltMkRptXnXsRjbSX2fE3kTKsKW0JJ3mOkDXvqy43x5GL3A4ZdQhBkGNNK5/JNVR2eBzM9mI48R791Gyn5nU/WgBSZyxLHckk+J1pCuqViw56etseRSOorgpba1QhlxZ1G4qN9dR5iiQKa6DeNe7SjAILCSwHn/O6i8OTm76GRyGByx4dOdTWrgnf5VDEy24ZdKuJ085rQYu4TbJrJ4I5rqBdSTAr0dvZy4bImBpsTWF9M6/B3J52mICkg8zNMu3VYafwVPjsIUdkIoEWwpKgdBvO5rWUvZy2spl6UQuMrA+EEVYXeBq2ocgx0BFUCYUdCT37+UVd4fC6di5cTuJn5EVlWr0yCpx+Ba2CSNA2jA6ERO1VGRgIM1e8btXEQBrhdSdiADME79N6rsQHGhII8P0rWXqQ0Af4Yd/pSovMO70alVi1kLjtkDakewQQYn+a1C4pxaQNYpFBeBeCxJ571oFvKyypB8NazGHeGA69I+9XH+LtqoMAtz7MGs7nWJgWIH+b00qS7ilVGkdoxHKQSJ18JoXF4rM5caTpRKZGQq3Z7t/Qcqr1mhhvfYXgtu5Z/8AhtSR27l5FuMSdQqIYCqBAnmeVZz219kruClxD2HfssNAjNqVZNY6AyR51b+yPFmRHQGcozDvAPaH861r+PuMThcRZiWNrOg6mMyEd+ZflWc0+WM6n404TR4UvjT6jkxyI7qWaug5yUGu1CLhHKacLg7xQBKppM1GcI4RexDZbKFurbKv9TbDw37q9C4X/wCLLYAfE3yw3y2xlHm7SSPACk6SKUtnl6uZkchqYmB36UXw7h+IuMPdWnediFMeZjKBoedanj/CbeDxJtW5yXRmSTMLBBWfzZhoSNoHM03hHtC9pXsBsqavbP5dSGUDx1176TfXJApTrGaD2b9nbeFPvsQ6e9y6KvwqDvr+Ju/0p/HfaxCpVDoOdYzG8Z1OVmY8yxmapcTiS2p9Kx4unrNuUwsknxN1rjM2ahUQ5h1JH1ptu6RsfUafzzqRX7SkAHXkd9+fKtUsOWnr0PuXsp1U6dINWmH4ooH4zsNVY/OKpGxJz9pSvhr9KuMPihlBDCP9Ug+s/as6X4EC8dxQdVABGp3BHKOdV+IvZjop+X61Pxi8WKbdRBJG460JcuydRrziIq5WJAd1pU3N4+lKqAGZh132pyN127qd7tTM8tqhe1HwmgoJw2HDtBMV27aCmJB7wZqK27oZQ0+5j2YjOo002EeMdaXegRvvRtjEsFKwCO8T9dKDDiQTtVlw644k22Q9VYrqPAxPkaGJhXAeIlLshQDGgAgNyIjvBPpWo4r7WNh2w15VVhldHSYzAFTvuP3rDO5W4rZApkwJ0Jj6U/GZnBLQxJnQEAA8lGwFE+Hk+RovPxniCcUvLduvcW2LasxYIpJC5tSATymaFAI5kfMVK2GI2Jpvu2jfWtXLXwz5JjA56g1d8Dx+CRX/AMThnvOT2SLhVQI2KiCTM6kka7aa0ptt3fKi8JhFZgHcKn4ioBYDuB+Ly6UuNMfKV2emezXFmxAzELbtJ2bVsQMxG5gaZV08T4an4zj+SQWDtyA1A86xl4ADswtpAFUgzIHQ8+pJ59+wWKvtEnsjkOZ7zzPhXI51nbyWJjPafiTXbuZozIqhI5dpmOvKqW92mBU6TpJ5HcHoabiMSC2mvL602yFnbWt56WHLdbWjiSrCetWAZSugHfG48R+lVx+IUcH7BAERuCIoaM2xr4UMhIme4fWh7VuXVWI8/A9aMw98hTpp86jwzBronaD9P3pJtaIecKM2jbdDH0oh8MwHxSOhAj6T86TBEYxoN96fi8YANCPSfpUbTfQYVV9WBA58oJ68pJjao7jmdVnxArucZ1J25+h6+VPd5OlalEedfy/WlUvvR3UqAByKjDV1qRQxvQBKt4rtR6cQBENbU1Wup3qRFP8AbX5fvSaTExXMhc9kheQBok8PQjs3IPRhHz50GQMxkgeNW3D+Hgrnc9mewo/Ees/lFXMVTSQqpStYDawLgyRIHLfTnoDPpUue1sdD1VmPyYVc3rDHVSCTurAQfA8qp8XIMFY7mnT+luY8TXU44Lr/AIYTfN9kblfwtPiIPqKdIAnr/eoGcDdY8R9xTCxMAbVDotTo/frU6WxE6+f9qjUr3sRuF29YqT/EDWVI8X/TeqTS9iab9Cw9x0aUaDM9RI5wdKdib7uCGKamSdmbx12qDfXKY8yKc5ZY0iRI0AkdflUOZfbKVUukAX7WUgjapMM0nb+fSn3VzaTUnDsuaC+RhOpmJ6VjSw0T6FbcG5J006+HPpRF3QToZ/EBv4nnUdgj3rFjIA3UkAfDBkR9qkvoIJBBn1+uvzrMT9nLdwZTDCeh3pYNh7yT+U//AFoVU05V23aLGB08OdPB4T3LwznTSadddCedCOpB2P1pM9GBh11BbTb9qblpjUwNVDJcvcaVNzn+RSoAe7jWdJ1/ao/A1LEz/PlUB8KQBNtzMUfiGXKD2Z6GAfsaqy8Hn5VYB/fZUGhG8jbzBo4ttYJ9dshwmFNxjPwj4j9h31orTZQABtoADEDpBqO1aCAKo0H8k99cvPH4SfCvR8cKJ/JxXXN/gnfFIB2renUEfSKBvXEYHLmI6EiR5Gh3uKTo5XuYfeh7w6qD/qUiiq0cwkRvHKQfl6UI8zy8tKkY95pjmuWmdMrCcNtOmmnSpIX8pHz+tMZakUx4VaIZwNGzHwj7bVy/ezRMyAACeg7uVOZx/B+lDsVHPXu/epoco4DrpNNFp8xynQk9DpTWPQ12xeYHYHxFZUzVIbbdwWI/3eHf3V04gRGWNe/0BmnWrmrE6EnSPOnmCNSfKIqBjFdY3H3+cVPhXAJkDYfeoFw4I6VwWmJ7PLTSjoCS6BMya40HmD9ahAcda5nPMTRgD8gJOtR5DSZhPTSuZu+mB2P5pSpZ6VAEwO9Mangb0xhSA5BJgbzA6zWmwGF92msZjqx7+ngKA4Xhsv8AmNufhHQdfE0a9yda7fDGLk/Zzea9fFeid7q9flQr322WD5j6UO97vPpQd24D/arqyJgnvYmdGRT5x86CuMOQjzn501376gLTtXPV6dEzg57nSrCxh0IkEu3gwjw/tVaw1ETuN+s0SzMupXwKkg/KsKbZeE/dsenSkDTZntdQD612t96MsGu1DtUlw0O7dKmmXKHKN9KbZJMkenLyqfD3gBDD+d9RgAE6GsW+yxqN6k11iDTVpzRG1ABCKcmjmOm4plq5lnWmKNJ+lMn+eVGAEpcE8qe1xDvVeTSmlgYT20kE9/2qNkFNzxT0vDnTAb7sfw/tSojOvUVyjQH2tj4/YUsKgJAI3YfWu0qqf8kKvTLu98VRudDSpV6DOJFdcvN1oW65POlSrnv2dE+gd6KT4SK5Srmo2B35eNPvuTuaVKkMKT4V8BXDSpV0fDD6RPQx+9dpVnRpI47mo7Tnr1pUqzLOjenUqVMRLyqOlSpANNcWu0qYDWptKlQM7SpUqBH/2Q==', NULL, NULL, NULL, NULL);
INSERT INTO `profile` (`id`, `birthday`, `description`, `sex`, `first_name`, `last_name`, `user_id`, `address_id`, `profile_pic`, `active`, `created_on`, `updated_on`, `age`) VALUES (22, '1983-05-12', 'Previous mayor of pawnee, aspiring president', 'Female', 'Leslie', 'Knope', 22, 28, 'data:image/jpeg;base64,/9j/4AAQSkZJRgABAQAAAQABAAD/2wCEAAoHCBYWFRgVFhUZGRgYHR4aHBwaGhoaGRofHxwhJBwaGhocIS4lHCErISEcJjgmKy8xNTU1HCQ7QDs0Py40NTEBDAwMEA8QHxISHjQrJSs0NDQ0NDQ0NDQ0NDQ0NDQ0NDQ0NDQ0NDQ0NDQ0NDQ0NDQ0NDQ0NDQ0NDQ0NDQ0NDQ0NP/AABEIAMIBAwMBIgACEQEDEQH/xAAbAAADAAMBAQAAAAAAAAAAAAADBAUAAQIGB//EAEAQAAIABAQDBQUHAQgCAwEAAAECAAMRIQQSMUFRYXEFIoGxwRMykaHwBkJScoKy0WIUI5KiwtLh8TNzFUNTNP/EABoBAAMBAQEBAAAAAAAAAAAAAAABAgMEBQb/xAAoEQACAgEEAQMFAAMAAAAAAAAAAQIRMQMSIUEEEzJRBSJhcYEUM/D/2gAMAwEAAhEDEQA/APFqLeBjbL5+kdoI2w8x6RgbHKC/1yjmWveHWDS1v4Ryi98dYBj8tO78fONyk73hBJS934+cElp3h09IzKNJLt9cI6VNOawVB7vhHaLZT9bwmxoSK9z6/FHUvCl0JFAAaszEKqjLqzGwh1MOBRGUs5uJYNGpmqHdvuJzNzsIJIkNM90I+T7xBGFlf+tR/wCV/wCo/HaByoErFJQVAXUAqbGZMqkoX0Rffc/CsGSS03RWmDYzP7uV+mUt2H5qdYdwiyi2dw7OFJDzVABAFTkAPcG9KL5wbE4h0fMoBTV6kKAABSjsQFNzrr8xk5NuilGgAwrDuO73WqJLpJlkj7mZe/Wl71gkvCor5VlSxWjKxGdiARmBLfe58+UOYp0dAVddaowI1G3CtRpyPOJeJmNMZFXuvUkgfdZB5ElSOMTbKSHWB9oFDtlPeyigAyjSwrS4JB4CBT8T7N8hLMjVY1JYpSlxXblttwjMBMZphOQghaMDoHPvAHhQKfHwgwFZoDS30IrlBWhpvWu3CC2FAsYmmR2BYAd1iAQTqtDY8xfnHLI+V6d491QCoYCpoTYVsPKCNhWlsEQM6VBFqmXQ1I/KeWh5aLYuZLaiOwUZ8zhw0taAEWdwFN72MJWAJuzjXvykqBXPLBRhWlAbkg0vruIWxKABVaYDVQ2ScucAHjM1UW1LCLOEZO8iPnFbkHOoHAMK1IUDfhC0p2dmcS1Ku2VSCa0U0uDamUMbUvSxrFWBGmYZV1zSyNwTMlVHMd9L8Lc4FMV0AZwChuHUhkOmji229NdY9McMBQKKAePz4njCczBqlWVshNSxC1lsODrobb6w1MTjZJVw1aHbx3jqYuv1uILjeyipoB7KYfdFaypn/rb7pP4Tx3hOXiTmyTFyPYXsCa/I/QjSLshqjcxbjofKMCfXgIPMW69D5R2qfXgIdiomkfL/AHGOCukMqtSfr7zQN1t9c4qyTiWNOvqY1MF/j6wSWvn/AKoyavkfIwAAdfr4wKYNfrjDLLp9bGAutz9bGGgOaRkd5YyHYUYi6dDHTLbxHpHctdI2y28V9ITYHKC/h/MYF7y9YIq3+PkY047w6wrAoyk7nif3GO5a94dPSCSU7ni37jGwO8OQ9ImyzWWwtwgjzfZ9xae0QZnZhVJAOhb8Tmtl532EdTZhlqoUgTSueppSSlLzGB+9+EeMBwWGNFIWqg5lV61c7zZm7MdhtXjWJk6KSGMJKQ0V2yo/eyMw9rP2zzL1y8E/igq4zBAqHQUdB3KCmXkANuI30hJHK53RKuxGdWPunZsx+5QWoNgBS+WxhZtEBc30sa08bV6xk2MkvLLlSahHFGpdga96WCbAHpcVuBB8RhwZinIzZLk0UItaAksx1ttXnSBY/IGKvMYZ9El90sWsCaGrbWuOMAn492zS3GYe6qy30odXcCiEUFhmOsCGEx3skYs0xwGNklnKGYU1YXcmwAFOh1jc7tPI95SJamZ2RWIAtYtmJqdKcekCkYSYVyl8iXOVCwJrrmcnOxqTuINh+y5aNmCCp33POv1pCtBQpL7Sdg+Z2qbL7OW1uZL5RwsDtrHGd2XJWdmFy2WWAa8AXOm17Ui4qAbCOc1G5UhWMlB5mZTnmBVpaisxI3rmtW1YJLx75mq5KgGivLcV4VoCvw1ikxEDVaqDTW/8QbgonJPV0LTJagBrGWwJW2pZKlb7x2VOT+7msAb5WRM99s1ATU8bnjBp8lAQQO9UAEWN96jSm589Cc9lBspPfI+8SdRfvMt+mYGlopMTAy5rGzJlNzQacgb6+u/EU/EBUzG9DZfxOfdToNT4c4G6TZbFnOZAPdynMBXXfTl1NNgezLhXQu6CrZGqXS/3CxuDqAx6HaFQxhMPQUmMHzsofNcEk6KNRWtBTSg2Bot2lgFZSHq0sVAfV5VDSj/jTnt5GSSHCzc3dDrlG/vUJb+o0uNtNiT22KNSiipztrUKe8Remq8eNhuSGm7EedV3lOsuaarfI9aggi19xz+PGKUphUgna3iBX0jrF4VcpR6FN6A/3LHRlrX+7N7bRKwkx5UwSZvHusLggrQCu40ofCNoy3ESVDRSh0pwtSuv/MBmJb4esPz2rQj/AKuf4hbEL6RVkgJa/X6o3OW3gfKO0W/1+IRuaLeEACy7df5/mBONYYUadf4gTi56QwOYyO8sZFWSZLXSOytvEekZLGn1uIIy2HUf6YkDUsX+uBjTi/6vWCKt/rgY5cfu9YRRUkjueLfvMGTuFpjLmoVRE/8A0cjur0Gp5DnG8NJLAKoqWZgPFzA8VNzuAhsKy5ZpooNJs7qSKDkV4mJbpWWlYJZRIZzR6PV2bSZMqBen/wBaGlraW0Bh8ieADVXGuRkVVIH4SvunhWsdCUUoqLVUGXLoCuhHI+oEEfFIFoDMzaBPZsWHIEUU9a057xjbZQJKsyvL1pWhtUHVGOmoIrfSsafEAK6e1X2tCWNAElgUsFF1UVArqa6kx1keUncye0NyCwoigaFqbWJOla8RApEgzaM4GW1LUL0HvuOJvQbDnWFgYLBynmgVY5bnORR3qb03ROVanc7RWTDogCqKARiJlsLctvhHQeppp10+P8xLdgdpvb65fXy0r9ndhM9HclV1A+8ef9IgvY3Zg/8ALMFFW6g8vvHlw+qwPtB9u3Z2k4NMxBymYdK8EA1jeGmq3SM5SbdI91LwiSx3UReZpX53hDH9ohQe4j/4T5x4SV2Z2jN7zuwrxOWngLwZ/s3iQLzT/iMaOaqkiNj7Y3ie2cOSQ8sy+a2+I084KcPmUPLOdDuBdeOYCPN43sbEAEOc6301HMR7D7EFJMgIHUubsCaN0AO0S4RkVucSQ9Dy4cf+4JhphQt3rGh0HCmsWO23RjVlytx/n/mJFUoA6ZqbrSpr1+qRjKLiy1K0Mlw4A1F7jiN+d4l9o9nMrBwxy2JpQg0IpmroOY43h+SgFWC60IqTb9FO7fXyFY6w7nLnYjKdgeNKEg66wAS3xazQVClSlD3gVXMNj4jnqIWZwO+zgkN3jZjm2VVBJHIbc92u0sEyd9Gyg2rQHKDtQGuXQjgeWk/DyxnDqwdxqu5AtrswOanUjnCoYw6OULiiKt8hoS/ETDvUWoNPhSf2n2dnJk0uP/CSb8TLJ5ajpyivMxw/A5bZWCIqniSGNulfGAewZkzO4CnvZycoD1qpXNzt68Wm0wIvZ2JLjI/voSGrYm9j5g8xB8UvzI9YX7XQqRiVHeByTFHHfwYXHhxg85wyqwNQaEeNY3TtWZtVwcSxf4/uWOpunh/Ebkj68VjcxbfpPpDEKD19RHDjvH63g4Hp5wNx3j9bwAzikZG1HOMigOsOLLxy+VIK6+Y8lgcmYa0p9EGCvqa619BEgbli/gPIxw63H5oJL9PQxy+o6wAWkzCWQho8xmlod1BJLv8ApSt+JEBwz5SXUVQgKoqQQiG2UDdjf5dCYlTmZF1QCQv55hzzmB5AqP0w9h5M3LlSdkVDlyyxLIFNiWDX4330jGTNFgYkMrCq70OhGojrEz1RakMTpRQSR4AEmFJqzhUK5c6D2iKSrHRgQAKDUgiNYslMpDgoKLl952alLmt73JpW3OM6GJBFmPZKUoXqTVm1yGhsBYmmrdItKyAe6R+U1H+Fv90K4HDhEAzDnWoPEk1A1MMOpWmagzaVK36Xg5Hwbts3xFP+PnDXZWA9o/eFUXvHgeC15n5AwsJJOik9BUfERb7Jk5ErShYlj8LA+H7oqMblyTJ0uCd9uO2SiCSh7z2t9fVDDP2Q7BTDy1JUF2FSTciuwjy+Hb+049nILrLrRRS+U31sKmke0ldsIr5HVkJ0zUoeQItGydu2KqVIrO4hWY0dPPBhTGY+XLXM7AddT0G8U2iUhXHJaJCFSbi4P0YabtRHFcjhdMxQhfjEnHzAr1BsfhGN0y3G0Nti61D3XfivPmIWcBTQkU2OxB+qQkuK73Eg06/86iv81hxkEyU1Nrg/06Nbah25CKasnA0qBu8zmgI4c7Dlz+gETQGy5qqws2vhwIjysh5isQXIpqK0FuWkUvaKKFVKHiBep1JrWt4hx+BplueyrTMSSwoVJsNtP5rEd2MpiUTPWtK2JGxJ3y6E8CIKZRZQ92zXzVFTxAA+FBHbOrIy0qy1I2NfvLfYxJZudNZSDkVy47mbNQHfMK94U7wHI9RxKkZ8zzSzOLLUGi8gBYDp84FKVShT2hJYqVJs4NAVplA014m8am4VFBYikugra5etAEG7XYeekNfAjMRKDLUjuOPZvTQEe43hp8I85g2KF5DWKNYcr1HOh849UmHZ0cOMoK0Rb5UFain9VQCTHm+3FyvLn0oTQP1Hdb0PWsXpvmiZLix2WL+B81jptP0n0jJWoPJvNY6mi3h6iLJE1bXqPOOHF/riIKiWB4tX/Lf5gxw+o+txFCOJWguIyFrxkMkckC/6j5R2w7xHT0jWH1PXzAglKv4ekIoyWNfraD4GWGmpXQHO35UBY+XzgeXU/WkEl2SYeKBB1mMqDzMKwSsdwjjuO+aymcwFCc856gA8RZR1ijgsbKUBQ6qF7oV1MsimwLWbwgWAw5cuwNBnygUDCiKAAQde8K2oecVXlLcFbnU5TQ/XrGGTRic3HBC1TRVVWZrEDMaKK6bVr0hDDSEZ1KlglM12LEs2nvaALYD+qHWHs0PsUzB2INwAhWi6GlgQ1aVNQY7wElaZzUs9WA2BJNL8aDwhUMIGRDUZmYaZiLdAABX4xt8U4AbQN4jxHx+ENTZCkE0AIr8tzAp0sGq7G9fHT64Q2mFoWWWsxlAorFqG1ttOHHhF/EtSW5FqBgvwsPSI3Y0vv1t3QSd+UUe1H/uWG4rX4V84qGGyZe5I8X2Pi3lSp7opZ2O2oufUwV8RiWOV5IISpNCSbCtQdydqctax677O9kokoKR33GZjzOw6aQ9/8dLDVIFRGsVxygk3fDF8EaYcO9a0qK2NNqjYx4rtV5s5yURmKhm0NAq60PHgNY9z2rT2ZBYAH6EC7Hkq8uml7iFVMfNWeHkduTpdAyMqFsgvUMac6Ecbj4bmxbVuBQG9OHSPYYnsRNWvS9DETttEVKKBaFLPCoI3XLshYLK7sjb777U9KcxFbs5XSaUa4YEdaizeIseYEeeLUfMNQK25G/yMeo7MxOcLxBqp2NNVNdDb5QyZEDtGWqzHUgk68dQNBvAMrU1oBDn2ixISeQFNwDy1I9IjTMUxuMwHC4JgQi92VjVH925pXRqXzcYtiSpXI68w4H3uNR1jwaqxoUY0O5OnGtbmPTyMUaKAxrQFiTUDgKHUny+cS45KRzOliS/uFyBWoXvCpNtSctR8xGsQgDkm1aMi0ZxVq5iAoN6i9QKV1vGY+euVStVeoswNBUVoK6jlsDDGHzUV3UF6EV0ABIIrUaCgv1iCjUvF1zBg4VBV2YKOgGUkkk2pQGIvbErPLmLS/vgGlRm2NP6q/CKbz5ebLnUohqSrBi72OYhKtQaAH0BhQsrsSDUMrV7rC9e7QNf72sPDsMk3sifnRCTfKwPUUrD08W8PURH7Fajumyu9OhoRFmft8P8AMsbPJksCqP3D0NPEGAt908h6Qwo94fWkAmbdB6QwAyhYXjI5zRkMkcw3+3yjv7xPI+UcYX0HpHU3XwhFHdbfXOGMOtQBxmSv8uZ/9MLL9fOGMOaZP/Z5SpkTLBUcjUiWvskZyblyqjNVmZyagLqQLVNhXnFH/wCPyiomTFqQK52cCvENUDhwqYVwBoJbG5KEKLA697LWgrpatSKcDSg+KCIzTBRRxpU10AAJNa2jAsWx0p0RV9oMoQ5gARmNzUHNapPDY8YdlvRFAIqoBvtpU/Ch/TETH+zCKWY+1CKMoJoGyXtxy2gkvOVWx93Q6Hu2qSPxQBRbTFBjXPWgNaaV58dPOOZzVuoNKW600PDWJcvPcZWBpsNdPjvGkWZeuala7VvSnPiPoQWwot9hPmeYQa90ef8AIECwk0umJz/dI16GvyIHhHH2bdlmUNRRaEHrYjxvFOVgu7NOgd28Bep8bfCNYL7SG+TWJ7REsMTtGsCjzVLuWTMCEA1Wo94jjwEd4jDo9UbQ6bXEc4rsollKTZiKtigYZG8SpI8CIqNt0y7RI7U7CnLLyZ5jrT369+nMgfOB9iz5iHLnOn3tyOPM8YsT8LbKHmk8CVy9a0iLieyJhYFcQ6eCP5ikOUUuyuslfEdr2INiNQY8r2liS1esXsdhUSSCXZ3YgBmoDQGpNABQR5rHLQ0iLbfI+K4EpU4e1CHcVHkfSL/YaZZmSliQw5VJDdNP80eVmSGLpOVairJmrwqCMtfxUvSPaYZcuIQblWPwc18hFtGMiJ9pFzTzfb1MSGQjY/CLHbU0e0rvQXiYZ44/OkKgQGR3SwFq38Yr9lMSzLfQGJKEZrEaRT7GmETaWoVNfTX6vEyVoaK2ORWlsuYs2WpHDxgGGVRK7pMwkq1GvatBtbXW/Ew3jZSlDVNLhhsfzA3hLs+cgRiq5D3C5y0+8Ab7mmY7xBQy2JRAQ65DpYllFhQ5wLa6kAaxzicOA6GgoTrTUFTodwaCNLMZiciZKXzuA8zqo91NuPSOpsnLclmYkEsxqfdbjtrYWiXQHk8GmTFOlKd1T/lEWZ/qPNYnYkUx79PWKM7UfmHmsdD6/RmuwDa/X9MAm7fD5iGHFh0/iATR+7/VDEKEn5DyjcYR5DyjIYDeE9Fgs7WkDwo8h5wZxf65QgNSRr1/iNpMoV/OvzDr6iO5Q8x5wq70N9BRv8Dg+VYmXKHHJaw1HkBStR3hQ0IsxveNScNLBBpVhoT3qdK6eEc4MUDD8LEDlofMmCoQTbzjCzYV7TPeslSwpmoNLm5pp4xqW5pqYPj5MwgZApB94k0px2vaFMPoIHgEMh+vxjanrHAWCKIQy32Gcsua+pUpbpWvnHohLzoFBpnzCvOpyH5/OJ/2ekr7GjffzE9FoDToCTDmGlNLQqxsr1Ug17liCPnHTBVFHPJ2zyH2X7XzoZUw/wB5KYo1dSAe63O1jzBj2OGxCsNbiPkXaivLxM11OVs5I55qkg8otSe0XUBgTcA/EVgfDtGqjuR9LmTUpakef7Q7RRa0oTHm27Yc/ehKZjDuYmTspQoozsWztmY6aRD7VxqqrOdhWnE7D4waQ7TGyKyoPvOxoqjif41h1ewUcgIsycAa58vs0qN6sDbgQQYcV8kylSo812DOmzDKVhZDUtSncDZiT8T1rHuez3LYmXXUJccCxqR8/lCeIWXhxQsrOdEX3a7ZySWf9R8BAuyMZkd57G4BtuT9CG3bsyrgndt09qwF6fyTE4jlHc6YWYsdTUn4wOatq5yBT9J4ZQTeEkUdyKVPQecMYJj7UEG+3hCkg3+EM9nn+8P1tClgaLk7EO6tUgBbni3CnK14YwbPTK6BQKCxrmI1I5WHzhNx3SPxMF8LA+Z+EO4bMoGdwxJ2FAByub+NLxkUMsgFL0JjMetkXiwB8VIr42jSLmoa1v8ADnAe051GXl3vhQ+QaJA8m75se55L8xWK07UdR5rETAHNiZj/ANeQdFsPSLU838R5x1PpfhGS7Az9B0PlApo8z+6C4rh9bwGd6n90JAwBHkPKMjDX5DyjIYDWE9PWDONTz/2QHCenrB3PvdV+eX+ITyBuSduY9IVmoCQDoSV/xVHqIZl+91aFMWtVtrcjrtDCyhhGY0NLsoqLDvCzXPOv+GGZTFTVtaXuNbfevWkIYTEA2INGOaxplDe9etQQwc9SIpns13IGc5By75/MxJHhThHM1TNrCsfaSQyvlNTcXBoSNxpv8Im4dMpKfhtx2HDrFtcCAgTUAEGt61O//URZqoj5FDClc1Q1LkUNTrcnfcwAhvLHWWNrHYWJso9J9ngXRMpAaU9TzRhQjz+EUu1JQWUUXfuDq38CkT+ypAw6F3ajEe7+EbV/qPCOO0sWxlZ2GV2rkStWVTbO3Mip8eQjqi6jTyc791o+dfaB801j+Jy3hU0izgsKHwyNuAV+BIHyiLjMMS5dzTgN6egj0v2dYNh6WsW0+PrEyfB0rSlGO54PPYmWVMJTplou9qYY1sIjzMAxvUADXj1pBFrsrZKXER37PSFdwzjuJc1FQTzH3jtTePU47tl8SfZI+RNMiGlRvncDpUC16DNHj3nZJaSZdywDEjUl9P4/7ihNwrS8PWWrF5/dWlzkFT3acQPgxOwpZzyVPkUxuJloxSTlqNWA1O9N/raB4MBwUrc6E8RtC2F7HmKwLjvHRQa1O1x6Q68wI4GVS/4VWtPHUeMKiLJ86WVJBFxtA2Si7EgjwBpYecXcSyTrmiPxpbx4/wDcSJ2DKEioYEe8pqK7V4eNIKY7QOUwzU31hjs8/wB59cIWw9wCQK0uaCvTjDXZqd5mJoBvtoKmJlgpZKeIdAQrmgAJJrTvHQAg6gZvhDQVVORSe7TUkkg3JrxPegeGLA0KWJzZrECwyjX3hYacTWC49CzAq5U0ymgW9DbUGmp0jJ/BQ9gJg0IpQ0BPgbctvlE3tKeAzvsgqfAeozjwhnB4dlq8w1CXFLAmhqWWmtDxI5CPO/aXEZZLKPemNkHSve8K5vBxDhG2kJulYn9nl7isdXevxMXMQNeo8onYCVlSUODL5xRm6nw8o3k7ZnHAOYtfiP3GA4pfODTDc+HmIDiPWEgYmw9PKMgkZDAYwfoPODPq3VT8/wDiA4I2HQecGmG5H5fMwmBuSe8Ov8wCbpB8P7w/V8qwtid+p84EDNHuOV/UOhpm32bK3xj1XZbVTTvDunjwFT8uoMec7VlnIrqO8lT1FLj4QfsvFkGzVVgBU8NieFh8VbiIymuzSOKKE3HulXIK5blWI0BuKi1wNeYg+OlPMXuKhrUHNsDuLajhbqInPNoSgR2a9a1Audcz0qPyg0hnDdrKhVHt93KT3uAK/i+PwIpEJFM4k1HdbUfMbH0POHZGYMCuu1olY2agcpKLa95ixYi1Mqkmun860i7gsVJZEDsEZQArDl7txv47Rt6DS3Pgw9dOTijRxRqW94qajMRQE/ep948zyhDG9rI+ZkYPejPWoLdd4a+0faUlUaVnDM6FQFUVFVIqKDgdY8KylFRK2AP7if4ipKsHb4UIzk2+ug+OxWau9T9Vi/8AZefkw812squac+4mnjHjsRPygkDMagAcSdBzOvwj3knsoycCVamdEztXTMSS3wzEeAidvFnVrTi5KH5IGL7Zb2wqo9m3dB3B2qdwbfHleV2r2mx0NKaRrETQWpYgGtRXa+/SJsqUZswLtq3T/mHGO5pD1Zx0YN9Hq/spjlBDTlPeFKlbjKTlYb/9R6jG9rSlTusMoqARelTcUF6cvCPMImUBdAOFvKAT0ZiAtFX7zav0UnSv4q1HW8dT0fg+e/yG220UJuKDllWYULUDuoLTMupWrEhCRbWtDpsdz5spUyypeS/vMc7t128BaFkQABVFAPr4wJ38eAjRaUTKWtJgsTiAtWYgczf/AL/6hYTnNxVQdtDTnwgGNxKo1SM8z7qjRa8Bx58oUnf2l9lXlmFflGiijPl8jnt6mhtcX6GLGGRa5QbUqx57AD4E9Bxjxs0zUpnWnOoI+Uei+z+IRwFdQcvuk7Gtaxy+Rp0tyOzx5u9rPR+0KAhmzMTrSw8K8BXWF1cs6ihNWFqVPOptTr8oG0iabUQf1CprzKgA/wCaHMDgnRs7stBsEI24ljHEdgzjpxCBBYn420NOVC3RDHiu0JntcSEHuSbcq7/CgX9MXO2+0fZo82vePcQcSTc9BT/KfxxC7EwpVcx95jU+IjbTjS3Gc3fBZliyfmBhqYNRy9B/MLoPc6jyhlh3j09RCBAJhuen+2BTz5n1gsz09BAZ+/5j5mGhMFL0EbgVIyGAzhbU/Kv7jBZp73UD5EwLDDyX9xgs3WADrDDT9XrCuJ1PU+ZhqR6en/MK4gXPU+bQuw6KzpVQORHpENqypuT7rElKUG91qdLio5gRd2HRoSx+EEwgcQ1DwIrCzwysclXAzgTemagpbUXpThvbkRsY32viwiaVJsOXTyjz2AxTBsjWdd+I4/IVpuAeRP2rii7ID8NOd/htD0dK9RJ9GevPbC12CSwub7nnvHGIkhxlLMOhpGxwgiacI9Jo8xMDhMGiA0FzckkknhcxO7RxAFhFV3+ZAHiYRbshyRqdzQfK+8cvkNKke19Kg3c7/A59msGr4vDoRUIpmt+Y6E9CFip9v+1wW/s6HSjPTj91PDU88vCFOzJpkNiJ9PcRESu7MTboNTyBiHJwrzmJuaklnPEmpJ4nWOe+D0Vp7tRy+ODXZ2CL1qSF0qNSbEgeHnFSThkQdxQK31BY8Te5AqL8xxg+UIAiiwFAPU8z/MDVO8XAQtQXfUAWITjWpbUanpHVoQpbn2eR9R8hSl6aws/sIHqoGUAhiS2YkkUply6C9662iH272icwkSz3mIDEbAnTqfLrFDtHGCUhY6myrxOwESuxuzWBM6b7zXAOorqx4HlHQlR56fbLRei8acYDntzjucLH62hVXNLa7V2PGnjDMjUlFDEKKtq7732gj8IyWgVcoP5juTvG6iAAGIw4YUIrCuDlZGNDYxQb6+vr5wKYm8TOO6LRpCW2SZVwHaTAbGmo8IcndrK/cDZbVJJpQca7HWh2ufu38+HKig1NadP+Nz/IiV2hiSx9khqT7x9PrgBxr5/pfdR6SmqtDM+f/aZ4p/40suwNNTT4eAA2i7JSi14EesTuzsKEVQOF4rstF8R5w5PpCXyzQ+719IZLXPQ+kLKdPrYQddT0PpEFIBNsTyB/aIFiN+p9YJMFz0PlAsTv1PrDQmApGRqkZDAawvoP3NBJ2o6jygeF2/KPMwSfqOogA7w7XhTEHzPmYMnu/H9sCmrtxJPz/iACuxsOjecbSmcdD6xyR3f8XnG5Xvr0PrElCXauCBZXrQqa1GtOHpEydMq6k8z8jFHtnEVOUHTziMJnfTqfIx3aMdqtnna890qWEPLBCNo5QRjPQEnaNjnIvbuJYskuXUtUNRRU1FxQDmK+EepwWJZlGZcr0BYbeH1aIP2fzzGmutBmIGbegr3RFTHAy0LV0tXz8o87XnulR9P4Gh6Wmm3k7nEzQErRQ5dzyCqFHX3/AIw0xCLQCg2EL9kgeyQ8RnbmTenzjnEzCTE6UN8q6NPL11oaTay8f0G17wOY4RSzGigVJMEEedx05sQ/spZ/u1PebY8+YG3HWPSR8zl2xnBj27NPYWBpLB+6BqaaVPpD9vxRtJKogUVoopr50jlytBaGS3Zw1LVhHBzCDQm5vzvt8bQ45H1aJ05srr0MAFEbRhgct8wzDeC2NoANhvh9fXwjWalyI2G+vr6vGhxJgAWxEtirZSQWGp2O0LYDBBACfeJvDkyXn1JAHgI5RgKUBIrrWMtSN8o20tSuHgb7PbbkIpObAdfkDEeUSD9cIqs3+r9scclydqwZw6/7YYTXwPpAK3+v6IMux5H0iWUgNa1/L6QGfv4+ZgqHyHrApuh8YEIBSNxwTr1PnGRQDWH26DzMEfWnTyaBytvDzgj+9/h/1QgNpTID/T6GBzzV6fhHnb0g0ihUA8APr4woePP0rABYY90eP7oBiXy0IOtfnUeRgze6Bzb90Se1J4NF4bxelHdIz15bYic5zvAZCZnB4VPy/wCYE5Ya3HH+YfwsvKo4m5/jwjvPNGVtCnaILKstfechB46noBX4Q2DHXZ6BprOf/rAC/meuY9QKD9RjLVlti2dPh6PqayX/AHA/hsGstVRbBRTmTuTzMRvtXOyqibsST0FvUxezfVIiLhFxE15rklVOVRs2XUnlWPNi+bZ9S1xSHML3JCA6kA/xAAsHxT1anCJPbGOKKFT33NF5f1R6GhDbG/k+e8/W9XV2rC4F+0sS0xv7PKP522A3FfP4RRwuFWWgRdtTapPEwLA4RZahRc6s27HcwwWF43OBvpG5xt4Qu1DHU+dYjlCiPavD6/mAArpeJOPejj61MPzMRQfX1wiJiJmZiYAQ72biqjKTQ7c+UUAx0EeYV6HpFTB46vdbXYwFOJRZmJtHSZuMcSsQpsI3/agTQXgJDE112jG0sBAHmnaO2NAKm8IDAeMUJc2tPHyia4tUxkmdQi8YaunfKOnR1a+14LJPr/phmun6vSElevz/ANMOE2/xRyM60BQ28BApmjdT5QRD6esCmaN1hgBX1PnG47Q+Z84yGB3L26D0jqb7w/T5NGRkIDtP9v7hAG28fKMjIAKX3V/V+6PO4nWMjI6fG7OTysoBL/jziqfUxuMjpOVnK6mG+xfcf/2N+1YyMjm8r2f09L6V/uf6Hpuh6RL+zn/gT9X7jGRkcKwe+8/xmm1PWIM3/wDuXkopy7sZGR6qwfJv3S/pb4QCZpG4yGsmbATtfrjCie79c4yMhgDxWkSHjcZANCx1jpdRGRkBoWZG/SD4L3RGRkIzCyfe+EEXUxkZAAqdBG390RkZCYyhhNB0PpFeboereRjIyOCfuZ6EPaheXp9c4FN3/NG4yEUcS9Pj5xkZGQyT/9k=', NULL, NULL, NULL, NULL);
INSERT INTO `profile` (`id`, `birthday`, `description`, `sex`, `first_name`, `last_name`, `user_id`, `address_id`, `profile_pic`, `active`, `created_on`, `updated_on`, `age`) VALUES (23, '1983-05-12', 'We could be the greatest comeback story ever told... better than kim kardashians', 'Male', 'Andy', 'Dywer', 23, 29, 'data:image/jpeg;base64,/9j/4AAQSkZJRgABAQAAAQABAAD/2wCEAAkGBxMTEhUSEhMVFRUVGBcXFxcYFxcdGhcYFx0dGhgaFxcYHSggGh0lHRcYITEhJSkrLi4uFx8zODMtNygtLisBCgoKDg0OGhAQFy0fHR0rLS0tKy0tLSstLS0tLS0tLS0tLSstLS0tLS0tLS0tLS0tLS0tLS0tLTctLSstLSsrK//AABEIALcBFAMBIgACEQEDEQH/xAAcAAACAwEBAQEAAAAAAAAAAAAAAQIEBQMGBwj/xAA+EAACAQIDBgMGAwUHBQAAAAAAAQIDEQQhMQUSQVFh8AZxgRMikaGxwQcy0RQjcpLhM0JSYoKy8RVDVKLC/8QAGgEBAAMBAQEAAAAAAAAAAAAAAAECAwQFBv/EACMRAQEAAgIDAAICAwAAAAAAAAABAhEDIQQSMUFREyIUMmH/2gAMAwEAAhEDEQA/APCILDQyAkhjQACQ0gGkSCwhhYJAMYWICSHYB2AQ4xuOxUqVndtNXWi+7zzZFulscd1oxwr1eXQ4YunUhnuyir5O5QVfO8n63ITxrta/fkZXddEmMaP/AFGVrNJvRt8fNacjg9pvnYy/2nVM51Z53Q9T3b8dp8hyxcL3tdPnzPNKq+B0p4l6D0P5f23q+Ng+KztfJu3lmcnUp2/N8sv6GFORDfZMxUyzl+xtwqZ24/XyJ2MWFV5Gth628k+PHzLxjlP0k0DJCaJVRfMGiRFolCNiLJtEbgITGxMkJiuDQggm0IGIlLSRISHYJMLANAFh2AYCSGAyEkIkIBEgFcDliHwRl4ipbLqXsTOybvq7fEzGrZ8Xl+pm1nUNSenyNTDbBqySbW6uup6LwN4Z3ksRVjm86cXy4Sa6nv6GBjFaJs5uTm1dR2cPDLN5PlUPCFRvoccT4bnFZ6H2L2a0KWOwkXw08jG8+cbzg47+HxarsiotY5Ff9ka1VvifYquzFJcjJxmwoZ5F55X7il8PG/K+Zfs7fA5V6bXA99PZUFwM/F7KTWRpjzyssvEsnTxt7HfCVrO48dhXCVmsjvgsNGSd7rkzo31tx3Gy6aCd8+DBoMLG0bXTX0fkKXAtFMpogYyJKgZFkiLJCsRJWEwhEViRFhLnPvMCTbQEoaQxDSCxoAQwAaQrDSCQOwWGAhDAARGto/ImhMgZVabbt1LmwtkvEV40/wC6vem/8q1z5vJFdzXvS4yf9D6P4I2P7KjvNfvKub6Lgvuc3Jn6x28PH7Xt6LA0bJKKySySWi0Xy+hoZcUcKcZJfU5VKrODf7d2trFSaXHtFKpJPPUHO5XdTvv1K2rzFNzKONzO9WoU683bLUra1kZWKsu++hVTvkXK0G9UV40bMtjSvPbawl08tDz+C3o3zt9H0Pb4yhvNpHjqztvR66eR3cGW5p5vlYavsJVs2+epCNWzT+P6nCdRHJTZ0Rx3uNmLuBUwVa/fLiWzSMaQhgghERJiJQgxEmhMDm10v35gN3ADSQ7BYEgsY0Fh2ASQwAgAAMBAAwDQpbTr2SitZfT/AJLsTK2kv3tuG6vq7kVbH67bGw2/WpxfFr4XPtlKtTpq0pKNrL9PofIPC0r4qm9bO/wTPX4nYs6zcqs3nolwv3r0OLm+vS4J/V7F7ZoPJSv8beRzqtPNd95niVs50sr3RtbMx+SjJ6HNlXVjhr41ZFWpJI6VMQnoValTLMzrWQ5PnYao30aZhbVxuquYFR1L+5e/RlsePaMstPaVqfTv7GViqljCeMxUdd7K2R1e0/aRzyku+/Iv/HpScn7W6uJUczxmPmnOT9UbeMqNo81jpZ/I6eDFx+Vl0rzeYKRylMcWdWnn7W8JK011yNaxiYX8yNuxaKVGwiREsgIQ2RCAIbEwIsBsANKwWBDJWFgC4wE0MaEQABgAhgAAUNqR/K+Oa9C+kV9or3HxK1OP1p/h/gryq13pTW6v4pZv4L6m7j9sSTssvPu5pbH2V7DCQpWu7b0+s5ZvhwyXoZ8NkSVSNaafuu6VuK5o8/kvtk9ngnrir1J4rd35UKjhrfds/wCVu78rFOGM4xfpyOviWhi8RXdSLju3W45N3irJWS5XTfW5ZobGlKpGU2tFv21k+LXIZY4SdVbDPO27jX2Wt+F728zK8QY/2b3VrbTvgenw2B3KKa43+H2PIbXoKpNr0/XvoYSSZdt5lbLpjwxDleUnZHehtTddlH4tJv0f3LWE2T+8jf8AItWteqXLz1LHi/ac4yjRwlFwoxS/LCNpO2bk2nfO/SxvjMcrphnllhN624racZapxZRxMI3usnx8upyq0pPcmoKO8vfitFLnFcL8jrTotvQesifa5T45VaXuvvQ8ltB5nvHSsszyO3qFpXsacGXbl8rH+u2LYkh2InW81f2bFPv4GqlkUdkw925oNFkVEQ2KxKpXFYlcQEEIkxMkQs+7AHfeYBLTGhDRCQiQguADEMBDAEAkhgAAjph4b04R5zh/uVzmixgP7Wn/ABw/3Irl8Ww+x9ZwkPdvzKOK9om91X9SEMdutrgd3ir9O+p5dyj2ccb9UY4erP8ANuwXldnWdNRtBZt6viWpYhJcMjKePUJe0nxdorouJRrq1q7STjQy5f1+54ScmpvzN/aG34yjJd/PieaqVd7NE3tphLjNV6PBUbq64/U418O+Mb+Vv+RbHxd46mi6iZXZpkwwT4ZHVYeMFeyud51rGZjcZwEpcVPHTS+vkeU29nZnoMVUuec2y8kdPDO3H5H+tYs4nOxa9k7X5nKcDuleXca19mxW4repaZR2Svd1fl33mXmWZ1ERITJQi0IffUiyUBkR3EwIMAb7sMDSJIiNBY0wFcZCDEDAAGhDsAhgASDvgv7SH8UfqjhYtbOp3mlxSnJf6Ytr6FcvlXw7yj3T1b6kPbipVlKKd9c19SrWeZ4+X19BxpVsQ291HnPEft6kt2E9xR58fW3/ACbeHl7zuyOPxUeCT65E43Xa+Ul6eK2hKo/di3fJX527+ZDA1q1O6qZp89fierozVndJu2vIo0a6Tziazl61pleLvez2dOUVvNNX+PkakcXz77+xn1cTF8SKrJ2Mr23lkml3E4q/ffX5GdVncVWocHLiTjGeeRVnkYWPW9UUFzNPF17IyqU71U/P7nTxzXbh5rL0lgl+8cZLK+X2O2MwaUpPp87f1LDw6dno+L6MMXLeeXFr4R6d8S0tyymk5YzDju/wqUIOOVvVaHYlYTR2vHqNhDFcIRuJjEyRETYxARt3n9gCwwNFDsKPff3HYhJgFh2AQWAYADALAADAAJU6ji7p2ya9HkyKAj/i0uu3oNhYr3VFvRW9S5Vq6/M83gajUvLP9TboVN6L6nlcuGsnu8GftjKoU9oe9Jc3Zd+RSxm3o0pPRvrn624FLH06l37NNvPT5nlsVGSk969+ptxcWOX1lz+RlhOo9U/GHJR/kKy2/GTads+mR5gDo/gw/Tj/AM7kr1k8YrZP56DwGLbdr8cjzuBw1Sb9xPzzsegwmClCcd7zMuTDHGa26eLkzzu9dNiaKOKqWR1xVa338ihUlfv4d9DDDF0cmariKt2ccLUSm28uQTyODXuOR1THrTz7nfbbVntCnrvJpdThhMT7SU5aRVkvv35Hnkj0OzoWprrma4ccxZc3k5ck0s3IskRkauUiJJsiyUFcTGIBESRECEkA2wJGkhrvUQyukpBYSGAWABgAAgGgWAbQNEhAOwBLm52knw0ffobWxql5Nd95mNXjeLLPh9tSvzv+hxeTh+Xo+HyfhuYbA2lKT4p26dTL2psanVVpe7Lgz0kY5IrVpR4q677yOHDO43b1NY5TVm4+d1vDFZOy3ZetvkzRwPhqMPerSTfCMXl6viermqStk7cc2Vaihf3Y/H5nRfIysYY+Jw43elHCUFfJWjEtVKS3XJ62+R1UfRHHHVPd9DG25VtdSMDFYjPMqVa2qHilncrVXY7ccZp5fJndo1Wd1T/dPyZXjG5obnuW6MvemeE3uvPxjd255HpqcbRS5JfIzdk4TPflw08+ZqnRHHSIskRZKqLIkmICLYmxsRIQmNiAjfpcYWADRQ0K47EJSAEiVgEh7o7DGgrASSCxOhFIdiW6zthcJOo92nTnUfKCcn6pXsTMaK4WNp+FMb/4ta38P9TrhfB2NqS3Y4aa5uaUUl1cvtmPUYdCjKco04Juc2oxS4ybsl8TSez/ANlr1KM3dwaafB3tdrondenofQ/DPgSOGqQr1avtK0L2jFWhBtW1ecmk3y8sjF/E3ZbU44iK91rdm/p9fkc/PjvHTp8bL1yUMJNSj5/Yq41WujG2ZtRwbi9E/qaktpRm+7Hm5cdlezx8krOrzzOtJZE6sFdI54qtGJX613I6SdldmTtKurteRDGbTysY06zclyN+Pi/NcnPzz5E6stCpWWdi1OVvQ54aG87vQ6p04Mu7p2wmHyTLFeLtZK7eSXFt5LQsYajKTUacXJ8ktOGb4HqNlbEVL35veqW9I80r8epTu1pbMcXmsTg3SUIPXdV/Mrs2vEMM4vzRjnXj8cGf1EjIbEWUQYmSaIgJkRkWNAYgkICLYxMANQdhI6JDWwJEi1s/Z1Ws7UaU6r0tCLaT5OWi9We12R+GGInZ4ipGiv8ACvfn8nur4st66+jwW6SpwcnuxTlL/CrtvySz+R9q2d+HmBpfmhKs+dSV1/JG0fkekwWBpUlu0qcKa5QiksuiRHtjE6fDsD4PxtX8uHmlznaC/wDdp/I9Bs78LsRKzrVqdNcVG85f/KT+J9ZYyPe/g08nsv8AD3A0l70JVnzqu6/kjaPyPTUKEIR3YRjFLRRSS+CJzlbV2OE8SlpmVtt+p07ykUalVvUnLFEqdW4S4ezsZ+3NnxrUpU5q6kmu++BqM874u8W4XAR/fTvNr3KUc5y9OC6vIrVpdPiviDZc8NUcJLJfllwkv1KdLG2sb+0fHNHGKVPEUHSg23GcZbzjybW6mn5XPHYmcU3uS3o3dr5PLmjG8e3Rhzevxtzx13d6lTG4l87mX+1XE63UpOLTW+TuO1apqc6WSbOTn6mhsnZE6zWu704+prrTn9t1WowlVklCLk+h6/ZHhXJSrS67kckvN8Tc2VseNKKUUjWp0iq06VsNhI01uwikly6DqRVi7uM414ZWJVtY/tXGV724PSzu9HfgWXsehVfvUkm/70HuP4LJvzRyng997i46+XE36GGtZ8Ua43tTJ5XFeBpNXoVVJ/4Kq3Zek17r9Ujze0tmVqDtXpyp8m17r8pLJ/E+0YWKeUkn3wNGGDTjuuzg9YtJxa5WZv0ysfnloTPsO2fw2w1W8qDeHnyWdNvrB5x/0s+d7f8ACWLwl3VpuUF/3IXlD14x/wBSQ1PwqwGQaJkWiuhBiZJkWgItgOwAaia+B9P8HfhzvKNbGaOzjRi1nxTqSX+2L8272EBN6m4R9NoUY04qEIqMUrKMUkl5JE0AGSxjYABGU7FSpiW9MkAAcWmNUW3YAEiadSmo6q/fJHak1u3SSvmAAeR8eeLFgoblNb1eabjde7BL+8+b6HxSps+WLquVSbdWbzk8231GBnbWkkT2h4Oq4eDqVN2VOP5nGVnZu2SfK+ljDxuAcYqpB70G8no0+TXPyvoMC+F2jLGRQik8tHwf2OUogAqhxjc9h+HO1N2p+zy0qZwfKSV2uiaV/QAIynScbqvplKl39CxGkAGca1P2RTxMRgTURZ2ZgUlvPNv6F6pSGBpih2wkc16G1Q0QAafhSrVNE31AAq8X4m/DzD4jenSXsKvFxXuSf+aGnHWNvU+Sbd2LWwlV0qySeqaaakua4rXikMDTHtWspojIAIsEe+8wACEP/9k=', NULL, NULL, NULL, NULL);
INSERT INTO `profile` (`id`, `birthday`, `description`, `sex`, `first_name`, `last_name`, `user_id`, `address_id`, `profile_pic`, `active`, `created_on`, `updated_on`, `age`) VALUES (24, '1983-05-12', 'Big baller makin money moves', 'Male', 'Tom', 'Haverford', 24, 30, 'https://encrypted-tbn0.gstatic.com/images?q=tbn:ANd9GcSxJW4RFbMF3a-4AaOP5bhEgoNGo7J2ExYrWA&usqp=CAU', NULL, NULL, NULL, NULL);
INSERT INTO `profile` (`id`, `birthday`, `description`, `sex`, `first_name`, `last_name`, `user_id`, `address_id`, `profile_pic`, `active`, `created_on`, `updated_on`, `age`) VALUES (25, '1983-05-12', 'I\'m a nurse and leslie knope is my best friend', 'Female', 'Ann', 'Perkins', 25, 31, 'data:image/jpeg;base64,/9j/4AAQSkZJRgABAQAAAQABAAD/2wCEAAoHCBYWFRgWFhUYGRgaGhkaGBkYGBgYGRwaGhgZHBocHBwcIS4lHB4rIRgaJjgmKy8xNTU1GiQ7QDs0Py40NTEBDAwMEA8QHhISGjQhISE0NDQxNDQ0NDQ0NDQxNDQ0NDQ0NDQ0NDQ0NDQ0NDQ0MTQ0NDQ0NDQ0MT8/NDExMTExNP/AABEIAQoAvQMBIgACEQEDEQH/xAAbAAACAwEBAQAAAAAAAAAAAAAEBQIDBgEHAP/EAD8QAAEDAQUFBwIEBAUEAwAAAAEAAhEDBBIhMUEFUWFxgQYiMpGhscHR8BNCUuEUYnKCIySS0vEzNKKyB0PC/8QAGgEAAgMBAQAAAAAAAAAAAAAAAgMAAQQFBv/EACIRAAMBAAICAwEBAQEAAAAAAAABAhEDMRIhBCJBcVEyYf/aAAwDAQACEQMRAD8AUALoC+CmAsR6U+AUgF0BSAUIchdAXQFKFCEIX0KcLhChG0lrIwrWsbm5wAS207RDTdbiUI4k4vMzocZ6aolJz+X5b6n0ajZu06TT3KZf/NGHmnTu0T4hppsEc/MtkQsAyqR4gwDS+4u8mNwRjNpMbEtc+MZvljByaIkosMNU6ftmltHaWtE/4btwBcD0kQltftO8YEPYfMT0wCE/iWPm5Z2u1m68nrBGKX2+yvJmGMGt5wHkCSVWFaOWdqXkQ+69h3taTz4Jjs02avLSxoJ1EB3RYJ9MtMyx07nK6yWktcCJaR5HyV4EuSk/Rrrb2fIF5hkY5nduO9IqtJzfECOaa2XtG6nBOIOBjMeeiPtdrpVWNMROYPxuKpyauP5dJ5RlyuFGW7Z5ZiMW6HUc0GqN82rWy9IlVlWFQKhZWVFTKjChQ2aFMBcaFMBCMOgLoXwCkAoQ+AUgF8uqEOsZJjzSva1rg3GZ6/e5P7S0UaJe7xHIa4rG2p9wkk984nW7w5opWnM+TztvxXRJjQ3MyTjv89w4LoqgTHV2ZS8VLxzw4fJRTLQxuXePoEzDCRqtxzE74kqTKBkTpq4/AU2Pvfl65K1lInMwPP1ULzRhZngNi/UJ3AsY3zcZPqrml0d1tMb++XnmS0AJaxlJuJl7tzY8pdKIZaiT3abGDe4fiHydgFWovAW106h/Oz+wPPygZeD4p5A/K0T6hIxecoyDR/paDCV1abp0PEh2PWRCiaI5ZfY7j2Fr4k5Tv4kYhdrvuEU8YG8ziOPRU2imIALRjkQ6YxymMZjJQ21Xm5UjHwu3SDBVgabXYFRtRkOILgIxyI080o25sw03X2thh0/S7UdUD2S2jdfcdlodR9dF6JUs4qsLXjB4x1g6EcilUsZq4OXxpf4eZFRKJttldTe5js2mD9eoxQxVnUT1aVlQU3BRUKY5apBfAKQCEafAKQC+AUgFCHwRuyrLffiMGiT6QEIE9YxtKiZMYS889PL3VpaI+Ry+E/0RdpLRLr58DMGD9Tzhe6ZLFWx2rs8/Nae0/wCNL3AsYPBIPQAaqNg2fZS6XuLnT+eRjyR74nJzyMgxr3mGgn+kFN7DsC0PyY4DiIXolislNoFxrByATOlSS3y/4glxpGKsPZKp+ZzR1lOqXZSn+dxdwHdC0RZC6GoPNsLEIX9nqH6B6qipsNgyELTuCFrtCptloy1bZwCBr2bSMFpbS1K67FFTLaRnLZSc1sRIzxEkIGo2+x7Z1DhydgtJbGdw4JPYqQdULDk5pHmbvsU6a1CbnGKtlVLr2OyggFewbIrh7GxmRiNPuV43SbBIOvvkfUSvSuwtsv02tdmMPLeir/QZ6OdtLDeDKwGJF18Zy3f96LHlep26ztqsq0tYvN8pHrK8ue3RCdT4t+U4/wAKXKJCk5cUHschTCgFMIRhMKTVW1TChAvZ9IOeJ8Le87kFDbDzUY1jT46jWgby5wEdAD5IiztDaZcfzGMvvimXZ/ZQcRVeDDZ/CH87gQHxuATYRyPl35X/AAv7RvpsLKDQ0hjQCMDjGqzz9lMd3mGOGaGtOxnPtFSm+0lj2ukYN74IN517fOiS2e3VaLpBL2TABi9A3hVc+9TETWemjb7KpXcCU8YQsvZbVfa17citFYZIlZ3u+x35oW2nJlde2FU+tCXWrbFw4iW8lZBi9DVcUNS2tTfk6OBRAqBwwVMiYDaG4JVaE2tKVWkoV2ECVskmsDotTOn/ALBMbZWgHkl+xTFpYdwJ8oTpFWKrQ2HvH6Xnykj4Wj7GWu68j+bHzWYpOvF53u+qN7PVi2qAci7HyhNroWj1h1oLa7HHJwun76HzXnm3qNy0VG7nujlM/K2G3asUBUH/ANbg48oHwVmu1wBtF8ZVKbHg75Bb/wDlLRr+JX2aERUVIqJVnQHQKkFEKQQjCQVtNl4gb1WAjtnQLz3ZNB8yoByV4y2RtV6taaVlp/0k6NbgajvLDqtZtC1CmQyngGQBwhI//j6gXPtNrcIgXGTn3iST5AI1xvOJ4oqrxn0cdfem2LLdZPxX33eI/mGajS2IyQSMjPziNQm9wDRVPeXG63X2SVbbDcoGFAXiBGLi4wIEnPDmnLXhrQOCFbTa3Aaa7+Kqc+T1Uplpei2q7CZQLyxxguBRVqpFzIBjf96JJU2My4+oK1Rr2AktBaJ3RhkimUwabSGTNkU3GZI5R6qqvYn0TeYbzdRw5aLI2bbVai+683mgiXDSQDBw4rYWPazajZBRVLXQM1rK/wCJDhIQlc5qu1suPLm+F3iGnNRc4pWDNE20XmCELZqlz8R84tYQOZEI23U5cOeKTWt5uBo/OS48pw9k6BN9lVii6R94K7Zjv8Rp1nBRszbodvAH7qdgcBWYYwDmg8iR8Jj6YH6elbUf/lH4flkjgIaVkbS8Ps1lfqG1KZ/tdInzKf7atgZ+KwHJmI4kmfqs9ZgDYR/JWP8A5tx9ktGjgeWhe5QKm5QVnUHTVYFW1WNUDOpiaU0A39bsSNxMewQAE4JrVpksaBoJ6AfuoZvlP64aDZTW07Ebv5nn0gAeQQdIollI/wAEzhJPmllJ8IOZ+0YOPoPbRc8wwY+y4yylhLcyDifpwQbLU8YMeWXjmBOIykahHDawY4l8TGO6YxVJLx/9Le6VWl0BUUiu1Kzak3HA8iDCqsHjDDr8IWgl0OqNORCBtuzGvGI5cPqm9JkBdcxWvQDMLW2K8HCMiMWyMc8DghbBsx9Hu+IaGMuC3tVgS+tSVu30RShC+iY7yHe1MrW6EA84IEFgltz4BOsH1wSMuvPO5ogdEftOtifvJB2Cl3S45kffutEr0JrstYMDyUNm0y6oNzvTvH6KwGWk8BHXL0U9hsN9h3j3k/VW+iv0N7TWk/xNcA4XGD/xb9VZsgTY6zdWvpu54n6pf2m/7mrH8o8mMPymmxHf5auOAPkVT6D4n90LXqCk5VqjrMeNUwoAroKgwvoCXAJ45h/BEeKo4MYOH5vYpJZcXRvwT97gKjdG0KY61HCfRuP9yhi+W/SQ2rH/ACzWNxkkc4JlJbKxgr3Krgxt2Wkk9536Z0RuzapfZmHUOf6PP1TE7Ma2jVqPi+Wm67CWwJAHGVHDpmGaxYLg5hdDI6GVZadmsfF4T1hZxlme3vsx14hMqG2srzTx0x+qXS9mjwwutOx6YILGQ4ZFri13mBBHMLuzLFU/EvvgACGiZJ4ndkjKNsY/EHHccwiKbwEOgPUFU3qxzhCFNQKJrK/L0UkfWh6X1aqtr1c0ttNbNB2EkAW+tigalSGk8FK1VEqt9owgI5kpsTW98k/eeCJYYYBwA9V23WAsYx7x45jzCGL/AI9k9dCaLrTAYdJIPSMEw2UBfB/kwHEjHriUoqPlvCSAmezHxUYBiYB9VKXooG22Q601o/K9rfJjQfZHbHcfw6rd7ZPn+6WV3X7RWcMi90dDCY7N8FY7mes/uo+guP8A7QM5VqT1BCdZjsFSCgFIFQYH7Jp36jW7z6DEo+3vhlSMy5xkbzA+gX3ZmnF9/wClsDmVRaXEMIjWT6j3xQs53yK2v4N+w1QPZUp603h3R4Py1P8AbLu5ciQcCFhOwluuW8sOAqMc3q3EfK3W1RLwE3cjTIl9jMssz6ZloLmxkM/3XxrtLS11PHeQQVoWUFx9nCQm8NKvDG1rNBll5h0IVtmttduBaHj/AEuT+sxcp0uCFsjrQWyWovcQWObz+Fcaitq3W48IQNqrwEL9lJlderig6xgYq6i3C8Us2naoBVyimxZa62JXdjWL8eqGyMAXEcBrG5JbbbMyrewW2Gst3fdDXsfTk6HBzcdJuwnKHgp0kzTbe2aCwvJLi1rg2chEHAaYArEOfj1W87U7WpspOpBwLnTEEHPfC86e/EouNP8ASraCz+QafeKP2dUh5fuMDph8JaXy7DQAD780S0BjccmtJPOD8lEwSFhfN5x1JPmZKeWFpFnqOjO4OjnfsUgsLe4Bvw9lpxAsj+NRg/0gqqGcPu0J3KBKm4quUJ1R0CugqAKkwSQFBm57Nfsencsrnn80lIrfVIZiczPIRgFoLSyKFOmP0gnkM/MrH7YfiY0BJQv2zk8j2mxVs21mnXbVGbHh3lM+hXqbNoteQ8GQ4AgryNgwnmfUD4XbFt+pZzA7zP0nTi06HhkmNNrBO49PaqVYFRtDwsHsvtpSfALoduOCbHtDTib4SqVL0NTT9jl5CgXpC/tCzQqp22270Hiy9Q4r1Brign94yckqq7Zal9p2wTkoobK0cbQ2gGiJWUt9sLzAXKrnPOOSi6iQ0wE2ZSKesQ7UqflnmobKshe5oAkn0G/piei7Wplz43n0Wm7JVwx5BY0yHAThiWkN6AkFP6kzvWxdbLAxtUhk3AABOsCPInHqllc9480/tjrzyMjMQMUjtLZcY1yQphYTs49SjLc3uQOSrslLGTpieajbqkkN8+plRk/Ailk3hgPlPLSYszBvefRo/wBySUG94DcJ6nJOLa6KNFusvPTuj4QV2aOBfYXOKrlTJVZKo6LY6BRey6V+o1vHyQIKednGCXPO8NHufZQLleSx9tUgAAA5DP7+4WI2oIvra7QfePMFYLab8SPvNCuzlPoXkxhwhK7SO7zTCo/P7zQ1oZMAJ0iqFNDB4+9E/swwSR7IeOcLSbNsrnAKWypR1tJWCgdxTyy7L3pvS2a3ckO0PUmPbZHHRGWbY73aLX0bE3cEcygBogdv8JhmKOwg0S5A7Za1jHRgtdanADFee9qrfLrjc9VcbTJTSQiszZc49AiSI+FCzMAZM5ep+i7Z6ZeRJw+PqtIlBVBl1t45n7lUUbNeJeenVFWkFzgwZaxoNyLddaIkADEnkPXVDpeADmXZG/HpCCosvGd7sEVaHXmuflJwG4aDyV1GiA1u/PzV76IlrJUqcOJ5BE7UwuN3MnleOvHBdo0cW8T8YoW2Vbz3Hj6DAeyW/Zq+PP2bKSVCV0lRJVmvRwCnuzjcbSEYvdey0Jj4WelabYrL9RpPhpsHLAQFCuZ/Ua2jxO4Nd5zgsFtVsPPMlei2lg/DLwMXfYXnO2T3jzjrqhXZzn0K3uw6qNR90cV9VdHISg6tQn1/5T5WiqeA7D327rwXouzKQAC87pN77BvcF6ZYh3Qg5/WBcXsa0WiEYxqCpuRdMrIxwXSYpvCgx+Chaa7WtLiYAEmVEQR9o7YGMJJ5b5Xmr333lxzzP0TbtFtE1XF35fCxu4A4uPEpPkBGpJ8sIWyY8UIqvJlodJ4JlZW3WFx6fCBsFAvdGmp3K+017z7rfC3DmVTLSL7M2CXHNV2qrpnPt9wuPqwIBzxJ3BBNqSZ00VL2Wwx7R3WZxiVe2p3jGkAe6Fp1IBcczkqqVaCTqZDfkqEQ4p1cJ/SDHOP3S4lMxZS2gcDMBxBzglKiUKNvAsnTjioSukquUQ7R3TEkA5a8lrNhMvMIaPEY4wMPostTpgEXg6Tk1oknnuXomyrMymxrgHXi0HvACFbhytZn5uea9S9IbfrhjAwR3W484XmFtqAvdubIHM4krVdqtoRe3n64LCVHzI3n0CqUZKZCs6d+ePx8rj6JaAXDP23IuwWe+b2EDvY5YZKu3uvS4QBMGMjyWzijJ8mZeStrEBbOZert4Yr0iwM7g4LCdnaE1SYyK9G2UzunqsXPW0auGcknTcjabkHWZBK7QqAAuJgDEk4ADis+Dg59QNBJIAiZJwjesXtzbJqyGkhgy/nP6uSu2rtP8UG7hSHQvP8AtWZtFaQea3cPB4rypGTk5vJ+MgVsqSTwVDMYCjWzClT/AOT8KU9JKwY07QWMhvid7KtpDR95qtmOPny0VdV8nDJLwYcrVsInWT8KIfHyotCg9Eimy5j3OIABcdwEra7C7Ndw1qhEgSG4ZnIFZTZryzvDctpsm33rnekCDcJmY+c1ah0A7wt23Zw2g1/5gwsfxBy8sFiZXo+3LIatMvpulo8bY7wA39V55a7K5hxiDkRkhqHLw3cFqp7KXFRlfEqEqh7Z6bs+gwOBDQN8/eacW6rdbxOHIILZNJr++GlusF17yKjt+1iCG4mLo+SmfIvyo5XDOIw3aC0FziAcAYWcqOxjp9U22o6HGdElc7HmfdBAyuwmnaCXOYDGEjTLMdVO0VL8QIAyHyhKLT+Lf/TnyTRlMA/eq2zvgkZK/wCht2as4DS7Ukrb7Mp93JZ/s3ZZpB2klNdobap2anLsXnwsGZ57gubcuraRvlqYT0u2nVaxpc4gAZk5LMWq1F472DMwzV/F30Sbam3qtVzXFoIGTMmkjXmr3W1tZgLSRGYOYOsxmt3B8eZ+1e2Y+bndLJ6IW+0SCMhlAS6s2BirKjyXQdJlUWqrgm8rFcaF7nYlSZjgqkTRCx0akXOyujrxKqcNNNf3VxgcTu0CozPDXidyFBsgHxgMOOqlTE45xny3rkSVeKRHhE4aYFNmGxVVh9Se4iMcj7o4WpzLrshoGmQAFGiAcMQRmDmFVaROC0zKlGeq01WzO1N0Xmi9HiAwdHIq+r+BaLzqDbjzF+k4dx/FmjT6LFWKoWOB1GU4jkeC09nsYJZWou7roJGMtOrD6wdxV1CteypuuN6hLtOwGmZg3dQRi07j9dyXXl7E+myrRBfTa83YeCO9wcCPfkvKe0Wz/wCHrFkw095hOoP0yWW+FydLh+TPJ/T1KgCxgAnEdQNEp2q8NaTzx94TraD7uHRZTbdbCBlkste2VPRk7e6SgHDIo2s0mTnCFqtF3jI8k6ehb7LrLTklG/h3Td3RHI/uqbC3Ec/RF1x3+Yj76hboX0MVP7mu7OPigBxPusRtu3CpWe7A4wCcQGgxh0xRFs2w5tBtJjoJkvOM54Ac0gZZnOxAw5JHFxuadNdjuW05Ur8G+0307jCx5LogiANZjihWWWpTAqAQThcx7w4qVm2O/B5wbOE5xK0VKjOLs8gN2krWpbM2pGfpPDpd0jUc0Ja3zgm216DGuLmGCQJSWqN+vssvK8eGmFq0rA/bormqqdFO9AWceiT3eZXXvgXdTmoMxJ4Bcd6n2VytYLeIss4/ZMabgxuOfHU/CHsFlc8wM03o7OY094lx3BbeOGkZaesVi8XggHccNFZXY4YEJ73GDAfJQlo72QzTFJQldgjdm7YdTw0zUK1A7vryQVWlCrMI1p6j2c2+yoIOeAjhCfnZtJ3iaHiSW3mg3ZiQN2S8TsFpdTeHAkL1PYPaZhpi+McNVOyvaeopt1fMk4LFbQtV953ZLQbarm5A+iypGRXJz2dH8IVgGj7xS54nXEo21v8AZCsEuA3J8LRN1gx2fT7wncrX+OTku7PGJ3QrG0wZnL78l0IXow0/ZVScwDvM5HD1R9Eh8d0BojDeNUK2hTzkngVYbSPCIjhgEfRXYaBfdwH2FZWMC8fTeqrNUb4c95Un1YaXuHBg474QXWIKZ1mf2qDfIJxGJGgSiq/HHkmdZpdedmST14oP+GOZB5c1z6evWbZnECtCkMVcaasoUgTwGJ+Bz+iEMiKWHqu0KZJECTMNHuSVZUk3o/KMTxzTbZVnAZOZOGUQNY6rTwxr1mflpdFdlF3uNEuPidpPDgrq1qDJaMXTiTgBiu2iq2k0x4vvRD2CxuebzsAtfXpCUTs7HPMlMf4eM19+KxndAk7uO5dAJMuzOMIkimwZ9L7+iErWTz+8k5LP24c0JWZPD4z91TRaYlqWeNPdX0K5aIBV1en968kDUz18kD9F9mx7QtuiZzz65LJnJavadYPkOPim6eSyNulq5aRubKXPk8pUrMzMxrHRU2Yz5pgynuW3hj1pl5KDLMAJjKIUHm8SGOxGbdTyV1mpE9BP35Ja+qQ7FuOmi09Izdlrr27H7lToMJMA7+k6r4Pc6BHDpzTKy0QBGup4KmWidFgAjCcuZ3IbaTiSGzjmeZH35K9z8cBllz0VdFkuM4kkn/ngs3K/0fCKmWSGictBv4RmqLTZ48X39EdabTEQevvCz1vtReS0eGct54nVZFrZr6RTWrYw375Imy04ZJ4k9EMyzwcczhP3oE0qMENY3WPIR7o0teIBvFrKqVlJpfzPMeZ+iasAY0NkXRxxMZkR1XbTTDGMBynqSASIVTyIugQc8TN0bzx0AXQmcRjb1gv4f4zy/JgOep3IutXuwxg7x996ix91oDBjk3l+ZzkI6sGSxnee7Bz9cfYI16IwsODO6Ic85ncUXZmHMoawWSMXZn1TANJywRoWz58fX0xVD9fXLLQ+6k98Zf8AIUThrlj0wVMiYNWbP35HqllVmOiZuG/7Gh55JdXGKWxiHm3CbgezCGkA/KSbTF5jXjIgTwMQU4r/APRd1+Epd/2zf6iubKNtFFksgid6Kpt0lWWfLy9l38x6rpRKSMFP2XUCRMdeWvwrbTSBAJzI3bsF2y5n70U7f4urUx9AfpTQpx3iIGg5rtZ+MA4ZKbsuh90NqEt9Frst/Dw9V0m4ImZxPLRTZl0KGreJ3NvusfOzXxIGrsMBzsJGA3AoX8ODu+8Smtv8Q5/CVjXl8rOjQVsi9JyAw4DTqSmmy6N55eeQ5AZeqWVPD/cz/wBAn+z/AADktXBK3TPy08I7Qi+0RPiI3EgQByGJ6Jf+JedcabxJl53xrwA0TO0+L+yp7tSiz+Codbox6rWZyVutcdxnInWBu4KdgswbiReO9LaP/U6FaGn4T/SrXYNBVOTiesYKNorQN5U9TyQNrzCMAlQEnPirKukZfOOa5Z8uq7acj/W34UZZU50DM78ZyOp44JfUZjvTA/l/qf7Ic5BBSGSf/9k=', NULL, NULL, NULL, NULL);
INSERT INTO `profile` (`id`, `birthday`, `description`, `sex`, `first_name`, `last_name`, `user_id`, `address_id`, `profile_pic`, `active`, `created_on`, `updated_on`, `age`) VALUES (26, '1983-05-12', 'Your favorite webcam girl', 'Female', 'i', 'carly', 26, 32, 'https://encrypted-tbn0.gstatic.com/images?q=tbn:ANd9GcRXrNtnUjBhNXGFAXcRUsNsS3SEua339iVlUg&usqp=CAU', NULL, NULL, NULL, NULL);
INSERT INTO `profile` (`id`, `birthday`, `description`, `sex`, `first_name`, `last_name`, `user_id`, `address_id`, `profile_pic`, `active`, `created_on`, `updated_on`, `age`) VALUES (27, '1983-05-12', 'If you havent tried dmt... you should', 'Male', 'Joe', 'Rogan', 27, 33, 'data:image/jpeg;base64,/9j/4AAQSkZJRgABAQAAAQABAAD/2wCEAAkGBxISEBUQEA8QEBUVFRYVFRUPFRAWFRAVFhUWFhUVFRUYHSggGBolGxUVITEhJSkrLi4uFx8zODMsNygtLisBCgoKDg0OGxAQGi0fICUtLS0tKy0tLS0tLS0tLS0tLS0tLS0tLS0tLS0tLS0tKy0tLS0tLS0tLS0tLS0tLS0tLf/AABEIAMIBAwMBIgACEQEDEQH/xAAcAAACAgMBAQAAAAAAAAAAAAAAAQIFAwQGBwj/xAA+EAACAQIDBAcFBwMDBQEAAAAAAQIDEQQhMQUSQVEGE2FxgZGhByKxwfAjMkJSYnLRFEPhU5LxY4Kis8IV/8QAGQEBAAMBAQAAAAAAAAAAAAAAAAEDBAIF/8QAIxEBAAICAgICAgMAAAAAAAAAAAECAxEhMQQSQVETYSIjMv/aAAwDAQACEQMRAD8A9ZQ7AMh0AAAAACwDALBYAGIAGAGrtDaNOhHeqzUeS1cu5cQRG+m0I4jaPTOpK6oU1BfmnnLy0XqUdfbWKlf7eS/b8Cmc9YaK+Lkn9PUgPIZ4ms/71X/dIxxxleOca9W/75XI/PDqfEtHy9hA8xwXTDFUvvNVo8qiz8JLPzudjsXpVQxFo36qf5ajVn+2Wj+JZXJEqb4rVXgDsKx2rAhisAmJkiLAiIkRABDACIiQmAgAAEAwA20AWGABYYACQWAYCCwwABEii6T7a6iPVwf2kle/+nHTe728l4vgRM6jcprWbTqC2/0ghQvCFpVOXCF/zdvYcHi8TUrT36knJvn9ZEHeTu8+Obb1zbu9WZIw7PAx5Mk2ephwRSP2jSpLvM7pIlGmTUSpoYXRNaph/rmWPV9xjcSDtTVqPM15Rs8i3rQ5r/BWVU0yysqb11LpOi3TCVOao4mW9TeUZu+9T73xj8D0VM8Nq0+OevA9L6CbT6yj1Ld3TS3b6uPLwfxRqx2+Hn5qa5h04miQi1QiFhsQEbCsTEBCwibQrARaESCwEbCsTsKwEbASsMDZHYQwCwAMBWAY7ARGAwNfG4lUqcqks7LJfmbyjFd7aXiee7Wpyc3Oct6U/ek1pdrRdiSSXYdttNb9SMX92CdR9sneEP8A69DkdvRtVcOVvVfxYozTw1eLH8lVRgbMILkQpU88zcoU7mTT0toRpsnGgy0wmGVm2tLa9unxNmNLKyXC3Z3ltcf2qtk+lA6PAxVY2LrFUGr8irrkTTS2lttLEaFTXhfTuLPFPLU0INZkFoac16F30UxPVVoyTfcuK0krdzy7kVFaHbqbWxq9pqN7ZqzfB3+D0LaTyx5q8PX0wNTZdbep2tZxytyXD+PA2zU88hWJCAjYGhgBEViQgI2CxJiYEQGACEMANqwWGACsAwsAAOwWAAAAKnE2bm7/AN2EfBRi/i7nF7WqOVecnxm/BXyOw2jK1ObXCqvNtHE4x/bS5XZmzN/hxyzQN+jHIr6PI26U7d3Epq3zCyjUyt687fVzbw9ZWV2VHWfXAIVraFsW0zzjWOLqK3P5nP4iWv15lhXm3r65FbWevyIvO1mONQ0qxWqNnZljJN3K6us2ytZKGIRq0qyUvRmWpUK6U/e+u47qoyRw9c6MY5ShB3za3Jdrtk+/K3iXmLxlOklKrUjBN2Tk7XfYeH4LblXD1YTi3aMk3H80VK7Xj8y/6bdIFOPX5pNJUoPVRtxtxbz/AOC+b6hhrg9rc9PVoSTSaaaeaazTXYxnAeyja86kKlCpJysushfgm0pLuu4vxZ35ZWdxtRkp6W0QDES5KwWAAE0IkIBCJCYEQGAGzYdhgAgGABYBgArAMLAc5tqdusjbXP0Tv9cjiKtS87na9J1aa/VH1V180cHVTvwMuXt6HiLGnI2UVlCpkb9B3Vte4qhuZr9xLefDzMUb3JcdSXJyv235Lia9aDtm7d2v15m3vpLI1qq5u3lmJNq+rLPQrK889GW1a3DIrqtmm7qyyz5nOpTMwrsRJaJ/4K6p95cew2sY1e6ZoL7x3VTeVhWwe/TuuS+u8pNo4/f6uLu921l4WR0OyKu7NLVcnxVs18TQxuwtzFNp3i2pQ7pafNeBbvcbZ4iYv6/bsPZNh2sTNvK1F/8AlOnZfE9TPP8A2dpLE11FrKEE7d56AW4+mfyZ/sAhgztQQrDEArAAAIQxAAAAGyMYAIYAAhgAAMQwKPpdQvQ30s4P0eT+R5zXlZ3PX69FTi4SV1JNNdjPK9r4B06k4yf3Hbj22flmUZq/LX419cNalM3sNVs8yqp4mOVmvM2qeJVtUZtS3xeFvOS1uYZTzsaixifFdpjr4rK6d7apanSYluzrWRT7Q2nGCbbXiau1dq2heNzlKtN1XvVJNrhGPzOojfau99cQs8d0hcvcg7t8tDTjWm/vN6+BLGbCn1MHh1JZrrJUrynu8ZKN7u3JM0Nm7FrdW5VrxvZR6y+83neyeZdGtcMk2tNtS2MRKdkkbWBw0mr3uGB2POCbc3roXmHoRSyVvrOxXay+lOdqyplnpoWlTGN0qdfJunU3Jfsqaeqa8Stx+uhm2e1OhXpPTdUrL/pyjJP0ZNOnOXiYl3Xszq051MRKCtlG/m0vgjvjh/ZVhFGhVqpffmo3yzUF/Mjty+nTFmnd5MQAdKyAAATQrDACLQrEhAAAAG0AhgAAAAAAAwAAA849q1GUUqkE7TSUmucefg15Ho5R9MsF1uEnldw97w0fo7+Bzbp1SeXgdTe1lUceS4v/ACYtoKvR3EpVJyqN7qgm3J5ZWu23noXNfAqdSzSTXHj5mWpRlOPVVYQqx4OaTt23KYu1Tjn4UeydtVHF1JSsk0s896/LtOn2JiOslrrrrn5mnDY8I2UUsu6yvrbkbGEi4Vd7hocX18NGOJjiW/tnYalBuLaucdh8FOE7Tu1fhdW1XzPSsNiFODi0s1qc5jqdpO/MiJWzj2w4CnGC4x+uRmqzgs85vO1+CvouRPC0ozyeT7OJY4fZMFm7vvHKJqrKFCdR8lrl9dhnxPu5FzOCjH3cijxjtciXUQpcayewmnV3X+JSi/HIw4l3bMeyZ/apryzLaMeblh9nPS+pgMW41pSlSnLcrR1s07Kou1eq8D6Lw9eNSCnCSlGSvGUdGnxPlHb1LcxldLR1ZtcMpS3l8T0T2b9Ov6epDDYiX2FW1m/7FW9r/tlx5N35mhhe2gAmAAIAAVwEACuMTALgIQG4AAAwAAAAABkatWMYuU5RjFK7lJpJLm29DkemvtBw2z06a+3xHClBr3OTqy/CuzXsPEOk/SvFY6W9iarcb3jSh7tKny938T7ZXYQ9h6S+1XB4eLjhn/WVeChdUl2yqcV+255LtrpxjcVPfrYiVlJSjSpXhSjZ3S3V97/uuc02Q3iR6VXqRqKNWDymlJPlfPzMlNStzOX6KbTuv6eb0vKnflrKPhm/PkdTh6hjvWYl6eC0XqnGjLjl8yFVWaN7VXRgxdK8b8Tho1qG5gqmWSua20cO371vElgdO0sMZJdXZvP4CHe3JTqVo3nBXUXa3M6DZm0FUjfRrJqVykni1DezLHZdRTpKWWmb+B0r3qVjiqzt/BTYt34+fxJ18ZbJ5+Zp1azeasQibRLQxDSeXz9TVwUrTv8AWfEli5ZpZ+Jr05Wlm8l9PMtqyZJV3SZb2IqSy+8r25pJP1K1yyS5M2sRV34zlze95s05F9WTJ27fYnT3G4WMJRq9dT+7KlX96Kkvyy+9G6z1trkem9G/aVg8TaNRvC1H+Gq1uN/pqaedjwalVtTnF8bPxNeM2jpw+tE7q6d09GuIz5y6NdN8Vg2lTqOUONOpeUH3cY+B7B0X6e4XGWg31FV/gm1aT/RLj3OzIHWMQMAkgYCuAgAANsYgAYxEK1VRi5yajGKbbeiSzbYGLaW0aWHpSrV6kaUI6ym7LsS5vsPHOl3tYr1W6WAXUQ062SXWy7Y3yh6vuOe9oXS6eOxDtJqjTbVOHDlvy/U/TQ5DeJQyTqNtylJyk225Sbbberu9X2mJsGIkKRAlJkWQhubKTVRTTs42s+TeS+Z2mBxqqQVSGjyf6WtUcdhfdpX53l5ZL5BsLavUz3Zfck/e/S9N7+f8FeSvtC7Fk9JejUcRlqZ51U4vPgU1KrpZ66Pg1wHisS76ZcewyxHL0fycM9PaajKzvrrwMu0NrKcbRSXAppQTzfpf0JTpS3U4q+dsuT+vUsikOPzW+FdWw7nJSldqz7rlvgarhC29wtnw5mSlhPs052i1de87X7e80MVUSVotzfHd9Hc73DiIntnhjIqWbXj8vUnRq3u7ZceCNDD4W8rzS/ar5GfEVLJrNI5tyjcxzLQx1X38noaOLq+5xvJehKcrysYcW7ux1CqeeWnWygu0wSeZmxsveS5L4mB6lteme88pN5ErXRjehLesjpwOwnRrOLvF2IXuDQS9G6J+0ytQ3aeI+1hp7z96K/TL5O/getbE2/h8XHeoVE3xg8px7181kfL8Zczf2dtWrQkpU5uDX3ZRdnHxBt9R3C55f0M9qKqNUcelGWkasFlL90eD7Uel0K8ZxU4SjOLzTi00+5ohLIAgA3LgK4XAkeVe1/pa0ngKMrf60k/FU/g34Lmd/wBJtsRwmFqYiVrxVop/im8orz+DPmjaeLlVnKc25Sk3Jt6tt3b9QNGcgI8RnTkxMVwAjITGEJWd7XtmQNrGzslBcEiuqk44iUpO9uJjrPMCz2NtyVH3J3lT4c4d3Ndh19PEwqwUoSuucePgeclhsTEuFSyeT4cGyq9I7XY8kxw7WlBrR910ZoKs9KiiuSiszBh8SnDTMnGb7V3XKdttbRDNHDXe9VlKfY7JeRqYqtFZRSbSySWUe/mScHJavxv8B0sA075Ln/g72mcszxEMNKDXjqa2Llk8/r6RYV2oq6d/5K2rHf8AdvdLN6c9GRCq301KULR3uefgYIRvO5vVlcr8VVUIvPNqy/kmOXMxqFZOV5OXN+l8iMdWKC0HA0QxyGY1K7SMjeZjgswhsAhJjQCkhpgIBXsdZ0Y6ZYjDP3J/uhLONRc2vzdqzOUZC9gPe8H7S8NKEZSpVlJrNQUZRv2O+YHg8cRJaNgQnb65uBG4nIJeVe2za+dLCJ5JdbPvd4w9FLzPIqki86a7Y/q8bVrJ3i5tR/ZH3Y+iT8Tn5vMlEhMLkUxyJQbE2FxABEGwWpAxwdpd+RGazHUQkwISRKErNSXB3Iz0JQ5EDtMJNSipR0aub8J2V7X+JRdHK16TWu67eDzReRlcyzGp09Our1iWzHEK3b4GvisXllkvriKVNfl1McKerUUNnpLBOMp2tktW3x7kQUeCWX1qb088itx+MjSi35LmRuZ4R6xXmWPaGJjTjeWvBLVnMVq7nLel/wACxOIlUk5Sd38ApI0UppiyZPaeOmVRyFFGPEO1l4mFVpc2WKmxMjB5mNV76rxX8E46gZ7hcQEhhcQAMQITYC3RjAgfWtzlfaZt3+k2fUcXapV+xp9jknvS8I7z8jpd88W9t21d/FUsMnlSp70uW/UfxUYr/cQl505ESO8FyUGhkbhckNMGKRFSIEmRBiTACFiaIsDHJE2hzQMgW3Rivas4P8a9VmvmdTe3+Tg8NV3JxmuEkzvYLeSkuNrFGWOdt3jW3XSLqcssiE63YuQ60ewx7vcVr2KrUfd3HJ7TxfWTdtFkv5Lvb2L3Ibi1l6LicyXY6/LJ5F+fWDiZOsUe18v5IIxNZ31LWVKcm3dkd0lFE1EDFumWkCiTiiRluFyFx3JEribI3DeAncihBcgZLgYwJH1cfOntHk//ANXFXf8Acj/64ABymXNjQASgR0AAJEjG9QAgNgICQyL0GBASEtBgBB8TvdkP7CP7V8xAVZemrxe5ZpmCpoMDO2OR22/t5eHwK/iAGuvUPMyf6lNEGAEuEkTQwJAhoAJAAAAmCAAJCEADEAAf/9k=', NULL, NULL, NULL, NULL);
INSERT INTO `profile` (`id`, `birthday`, `description`, `sex`, `first_name`, `last_name`, `user_id`, `address_id`, `profile_pic`, `active`, `created_on`, `updated_on`, `age`) VALUES (28, '1983-05-12', 'If you\'re lookin for somethin toight im you\'re guy', 'Male', 'Jake', 'Peralta', 28, 34, 'data:image/jpeg;base64,/9j/4AAQSkZJRgABAQAAAQABAAD/2wCEAAoHCBUSEhgSFRUYGBgYGBgYGBkYGhgYGhgZGBgZGRgcGBgcIS4lHR4rIxkYJjgmKy8xNTU2GiQ7QDs0Py40NTEBDAwMEA8QHhESGjQhJCQ0NDQ0NDE0NDQ0NDQ0NDQ0NDQ0NDQ0NDQ0NDQ0NDE0NDQ0NDQ0NDQ0NDQ0NDQ0NDQxNP/AABEIAQQAwgMBIgACEQEDEQH/xAAcAAABBQEBAQAAAAAAAAAAAAAEAAECAwUGBwj/xAA7EAACAQIEBAQEBAQGAgMAAAABAgADEQQSITEFQVFhBiJxgRMykaFSscHwFEJi0QcjcpLh8SSCFaKy/8QAGAEAAwEBAAAAAAAAAAAAAAAAAAECAwT/xAAgEQEBAAICAwEBAQEAAAAAAAAAAQIRAyESMTJBcVEi/9oADAMBAAIRAxEAPwDzPJGKQkJJfDnW4ew4pxxThIpyxacBoKtGTSjDEpy1aXaLatAhRkhQh60patGLY0zRQj/w81Bh+0cYYw2NMg0JFsPNg4btINhobGmK1CQNObD4eVPQj2PFkGnIlJpPSlDU4y0BK2jEQxqcqNOMBiIrS4rIlYHtVaPJ2kbQGzRR7R8sBtGKSyxQNrKkkEly05YqSC0oWnLUpQhKcvSlAw6UYQlCFU6MLp4eLZ6Aph5emFmpSw4hdPC9obVMWMuFkv4Wby4TtJ/wkWz8XOthZW+Fm/VpIpILAEbjmPUdIIGRqjU7i6qrbjUNfb6feLyg8LWG+Gg70J0lXDQGtho9psc9UoQd6U3KtGB1KcradMd6cqZJqPTgz049loA6SspDXSVskY0DKyOWFFJErGQciLLLisWWAU5YpdYRQDeRJctOSRJciSFI06cLp0YqSQ+hTkqkRo0JoUcNeToUbzSw9CFqpFVHCQynhrQqjRhaUpFrSQEuGnJeLfEpwrmjSKZwl3LBmKZgcoFmAB563h3jfxcmDV8PTGeuya62WkHFgWO+bW4X0J3njlVsy6sSzaszG5Lcrk7ycsvxeOP66x/EbVLAtbQsMosWfZ2LDXW33MoGLNIO6FWfMSpLeZdCRzsRrOapqV1K8gL9B+zGZCRtdrm9r+0xsayuyw/E8Sy+YrmZgoJcjlckJewAta3PNredLhGFWncG7DRvKV81r+UHlaee/wDyB8tRQS4ALafKy31C9Nwet+06TA3qqGpt5r5nOZVKi1yUDGxBB3G1+XN45ZSllhjlGvXw8z61C0N4RijUTzuc17WYAG406DodDzGksxFKdOOUym45MsLjdVhVKUFenNWskEqJL2zZrpKHSaDpB2WMBCkrZYUyypljCjJFkl4WIiAUW7RS7LHjDoEEIRJBUhNJJka6ik0MOkooLNLDJCrkFYalNOhSg+HSaVFJFrSRbSpQqlTjU0ltV/h03f8ACjN/tUn9JNVI+Z/EONNTF4h2Ju1V/m38pyrf2A+kow9EvYWv0glWqXcu2pcsx9SST951/g/ALUILC4G3SZZ3U21xm7pp+G/CRqoHqEgch7zoW8CULaFr+uk2eHUmAAHITUSmZz+VrbUjl6Pg6jTbNqeup1vv++8wOI8NfBORQCgWzBN/iKTZhl6DTpznotag1tDOH8b03ykkGwAsbkFTc3OntDHK7FnQfDMcq1HshdmqZVN1VgwCbalWHX8TdJtYqnMDwlxJKgSjWcZldQgF1zjzNa3PUkk9hOsxyXJM7OP3XLy9yOfxCTPqpNnEJM6uk3jmrMqJB3WHVFgrrGkK6yspCGEgRGFJEhaWsI2WMK8sUlaKAdMiwqmsHpiF0xM1QVQWauGWZ1ATTwsVXGnhxNCiIBh5o0ZFaQXSEtrj/LfS/kbTe/lOlud5XThKRKfJqMcxuoHzaW27WO1tp3XhjGJQQXQs5UFUvbfW5Jmf/ihwU4TiNQgAJXPxUsds3zgjlZg3sRNKlwA4iilRGJuoBAPQDnymHJr9a8baqeOEpuqtSIPPKw0/vNml4jNSg2IRGKKD5gDYW7zmML4PSzMUKg/MWYG1tfKBtOu4LhkTANRUeRc62PMMzFvrczGyfjaeu3E1fF1erUsa4o0ze50102BI3hb4pMWj4YO5JRspcq4zgXWzLurFbEd50beG6LJ5Fp5bhrMgYBrfMAdj3ELwPBaVNxUcLmzXuBbftHuFp5BQw9SnU8wsysBcHTe429J64zB6auDfMitfrdQbzhcbTVuI1qYBs7qALdw3LXlO9+AKdNKY2RVQeijKPynTxXdc/LNRk4hZm1lmviRMyuJ0OWsyqsGcQuoIM8pIVhK2EuaVtGShliySwiRMAjaKSyxQDpEEKpwZIRTMhUHUJp4czKotNCg0VXGvh2mjRaZFBpo0XkVpGlTaEIYDTeEo8RvOP8auFF0w+IA0RnpsbXtnGZL9iVI9T3nOeDOIFEFPpYT2rE0Eqo1OoiujCzKwuCO4PsfaeO+LsGmB4my0kCI6JURVFlF7q4UctVv7zHlx3G3FlJdOvxVTPSa2+U7ekyPD/ibDLh2pl9sw8251JgiceRFCOygsD8xAFrbkzlMRTwpqXFVMt7kAE312X92nPjK6LNvSuA8QV6XxKdyjE5b7i249Lx8ZiCSLHmPzE5zCeJKaotGgjsRumQjy87MNBbvDBi8zKToN7H15j2k2WXRyiMPwymOI1XNywSnVtYWUuoyktffyEWt1mviTJYamLGt/NUWnfsqJlUf/AKPvKsS07+LHWP8AXDzXyv8AGZiDM2vD65mfWM2c9A1YK4hNUwZzKSpcSky1zKmjJAyJkmjQBrx5G0UA6NTCEMGWXo0hUGU2h1F5mo0LpPBTXoPD6LzGo1IfSqSKuVr03hKPMqnVl74paaF3YKqi7MxsFHUk7RLaavPMv8X69E/AKuDXR2VlGtqbrch+hzAWG/maW8U8cirUGGwzfDQsFbEOcguSBZeaLr8x8xsbBbgjzfiBDYg2cuFurE3tnJbNlB2BK35nmSTrIyvS8fbb4XWFSmUdM+24BsRsYbh6WLHlpohUE2LIt17i9pz3Dse2Fe51Q7Hp/wAzpF8UIVBzMCpvoL5x07TkssvTqxy/GrgKdWmCz3LMNSdAOthMd6zfELk6fKoHMnSwlPEPGJZSqi7HQdpPhFF2Q16gNlViosTrbU2G55AD9TCY2d0eUrrMBW/8uzPYPh8OiJc2zqtRnsvUKq3/ANY3hOIe85Hi2K/h6qOhZqiqQ4GtgxUgW5C+VieZ7TpWcmmjnL51uMuwtoR7EHXnvznZx9TTi5O7sNWaAVmhNZoDVabMKoqGDOZc5g7SkVUxlbGSaVmAMxjRNI3jCUUheKAdEsmrSoGSBkGKRoSjwFGlyPBUrRpVIbTqzJR4qvEqdP53VexOp9ANYqcbWL4gtGk9ZtVRGcjmcovYeu083x/Ha2Ou9Q2RfkpoTkBOxJ5m3PfTTLebniLjNNsJVQZiXQqumXU87NYkaa2E47hj2Rl/EF+pNpnlf8a4y67PxOllU6ABlQAcrAXP3Jk+FYLPTb8RYMvqgtb99ZZj7O1x8qDKO9tDDeCFTTQa38xFuZuf7iGGMt1RllZNwPWw11vbQ7jvAlwafgE1hxJalZ0SmWVVJdgQPl0Zgp3Hobm2g1E0TwsKvxCfJbNcbW7dZy545Y3Trwyxym70xcJw692VLWBOg6a/pMxa7uUa2e1iVXMPUllN+guJrYnj1SmtkRFTUG/mcrtoRovPa/rOawWM+GwvqLFWFr3RhZhb0/ITTHGz6Z55S3p1WE4l/EVELUmLuq0f8sm5cWC1so+bMPK6bEa3Fp3hwOWgaaEstBVyO1rvmeoK223my2G881wXHa1KocRTsi6ot7MzAjKdTtZbnTadLwbFO9OmMRWyIDUxKXBOVlqJZ6n9N3Yhf6b89Ll1ds9bmheIJBKnQgkEHQgjcEcj2gTtMur4gJxrYp0vTrOrVafIjKqsFI2bQ2I123k/EPCfh1lqriGVKhHwXNsvwmGZWa38ouFY9QbiaTkZXi79iXModoAa+KSqcPWw5zqbEiy36EFvKQet9YTVLouepTqU1OgZ0bIfSoLqfrNJljWdwyn4TGVmPmkWMpBjImODGJgD5o0jmijDoLyQMrvEDINeDJo8oDSGIxIpo1RtlGY+3Ieu0DjEfi9R6rm+iqy01/lUscudh/MwAbfY26QFGs2nzbknf1YwLCVSWNz89z6HMSRf1P3hzuqHL09NTzJ1+k5726Z10pxVRtWJuT16dOwl+ESygnQEBgf6SbBh73Eqo0DVzHkoLNrygC4tqZ+GScoJK6/LffL26iBtjEOTR8ltyCeSjYX79pYgyYVWQ+YoVXrcix+msDpPmNhs6k9s6jT2IB+gmj4bT4hdXGlNFRR/rLXJ7mw+kvD3pGXU2Aw/DHFI1Eexy2IGl15qbcjDcDhWrC6MzqVs6O7JlYG3my6HQXvz57TcwaDVCoFrjTYgi9/z+kEw+FGHd6gBOYCwtmGhJ9tes18J0z872z+LcPyUmUAZsvL5VA3y38zaczOcp4TS5tsDbna5Bt30nbYynai9R7lijE30OtgALaAa6Cc0wyFmFzrlRTqC5Nxccwt7+pEz5JqxfHdxYyoVysl7BbXJApgm/lUWBdrfzXsL87QrHV89RQpNkUKTyNtSB22HtB1CqgUm9iSxvcu7G17W32EZBlA01zspB30Ot/tM2iOIQtTJttqD94ZXx3xcHQpNctRaqFJ5I+RsvswP1lPEa/lCgWB35Xg+GXykDYXPaw3PYQAh8Q9QXd2Y5VUknUIgsoHoNBNvg3iLELVCAGoKgypRvZLAZUWx8qqotdrXNjzMwqiqFVL/ADXZyPwLctb1taLA4lqdQVSiljayn5UU2spgbf8AEHCXwldkf4fnAdfhIaaDMAGVUOgAIPykg5pllp6Rx1BjuHfFJDVaS51y8gLB09Ct/dRPMy06OO7xcvJNZJExoxMa8tB4pG8UA6AmNeMxkS0gLA0wfE2LAVaV/mOZuwX5b+9/pNm85Li+JDV3uPKDkv3TQn6k/STndRpxzdDqpRkPLMCDy13B7QzDVwz+Yadjfnz7SmlS2FxlYjfruCp/SFYKn/majQTF0CWKKts2YtmbytewtZRbW3vMqpgTlDlSNbWHI8rjleaOJpAsXOg67n25iD0arNezaDrqNNrH+94AJhw1Ngh3DhrcxZdfcgjT1nT+GaVg7c2FP6jOf1nP0qXxHzG1216DzH+35mdRwVwFbmM4UeiqAT+cvj+kcnyMQgtmHNSD6q17HuLyWHwb1S1RFUpT3Nxn0Usci7EgAtrbQcyY1RvORc6XuORuNx62iw11U/ygmxN9GPIMBuPXqOk3Yh+MOPhspJ1YAX55TzPcznB82cjRdBy8zWI1/wBTr/tmrxyqStjvbMR0/f6TKxDWpKPxhL+oIH5WmHJd5NuOaxWYpWKfDUOetr205nlNXiHDqFHC4bIjh9P4gsrKjMEzIabHQixYFl3sO0BpEXIu2l76nqf7c5XVqFWtf5bchudQBIWFx1mckDKA1rXvb1JubQnA0OXcbXFx3/ODYi4dT1Othz5w96Kq1i376X9oAHVAau975ECjXdtcyqOpJ1PQLLaieUsee55e3WDcLQu+ouMzEDrrzPTQe0L4pXN7AX5c8vtzP2gHXeAONM7DDMAKd/MRmuVtqWPyqoF7ltJzPEKS06zohuqu4U9UzHIf9toJwfAVa7hSlV03KJ5Ua22bUC02fE2BelUV2QIHRSArKwBQZCPKTY2A0PWacV7Z8062yM0YmNeImbuUrxRfSKAb5MgTHJkGkKUY/FGnTZwLlbaHQb2nIq92ZjfzEkjcXJuZ0HiCtajl/GwHsPMfy+8xMIqsMpmXJe9OjinW16YTOhVXAvqFYGxt+FuRg1DFvTb4bDML2ynf2aFJQambqcy81OoMq4jQ0Dre3Q6kEcryGiyrUzDKGtuCpFiDpp7yXyU8ul3PUbQHHKGe/VQYsGt2vbYEwMajnPZd7ADtfn9503DKapTVRtmf3sbEzBo+Vmbkt7ewtv7ToOFkpSpEjXJcj/VY/rNOL2z5PQqo2t+qfdSR+sSuVBAH16W1sBBcfxKmGFPKV01Nrix6W9JVXxSEEK4N9gL6b6+btrpNfKMpjQPFjmH+oKB6G4X7a+8zsbc0lW+o8uh+ms0OJVLsi88wHp5BYfnMZH8pX0b6HWc+X1W2PpOg9ZDbKXGmoOvb195f/Hqx8xKNcHzDLqNN9R+Uto1LVCNwV/ISt8Qp8rAMOh1iUbFY2mx3ub3st2127AQevxZ10Cgbi7eY676bDblChVQDyqoPYATJf/MqdufpAabnh+nZM51ZtF7Dme0vxhW+QOrMdhufXKNh3Y+0yDXZ7IpKoNNNC1vyE0sMqoMqZVZuZ/MLqSe5gNK8NhKLPlxWJekuny02qluwANl+hmpxjB4KiKa4OpUca5/iKVbNpY2NuXaZlCsKNQVBVyOpuHZC4BBB1F9foZqY7E0q1EMAHrhi71UqfMrb5qLKGXrptbptWF1kjkm8ayrxXkCYiZ0uRO8UhmigHQkyDNHYytjEpz/HKueqE5Iuvq2p+1pnphzup1luNN69T/WR9NJZRGXW1vrb7Tmyu8nXjNYwRhqjHynR/s3/ADLms9Nl7bcwRGFMtZre99JDEPlbMOYsfXrEbMV7WJ5Jb6QjBr5GbqwUe1ifzgeIP5n6SylVIUDuT72I/QQNo0xnXKL3fKnpmPm+150WOr/DplxbyrZR11AAE5rhlQfFW/I5vcCw/OavHj/lo2lg9jfaxU/2l43WNrPKbykXYTgVOterjcUKBfKUVLVCUF7MdfKDY256HSP4m8KNgwlalW+PQYjKy6kIdRmZdGGh25iX8DrKtYs4BsRsVDKAA6lb/LsvKxuQeUvq45ETEBWb4dWnlsoOjtkAKhgG1YObm17s3OZW2d/xr4z05niGJBdXBuA4N+osP0glRcrH+lmU+hj4gD4Yt/Wb9d5JmuSfxpf3G8q+0xaz3Kt2t9rQeuL+siDa0qqNrA01qaayhFNiACd2awJOUfp3l1Kk1RhTQZmc5VHUn9mej8B4OmEpggZmcWcnQvcWyjon7MnLLSscfKvPzga6UlrtTZabNkVyLC+4FjryNiRaE4Rc2lyL7nW59ba/e3adr42NsGyP5Wd0KC/Q/KRzNtf+5xeBFv8Au35QmWyyx8XQcF4OtQF0Vqjpq6K6o6odBUpqQRUAvZkOv1BgfGMAlMl123AO6m+o127dpqcDrNTcVUemjoPMj2C1UOjFK38j2NiGsp01Eq8S1w4cjsbdNRLx+ojL5v8AHNEx7yBaItOtwJXjyu8UA6ImQLRM0gTIaOUrAvUc9XY//Yy/CE3sYMBqTruT95fSzk2uVH9O/uZy/rsnpphSmouB6W+oOh9oLUcFiAQQR9D0l9LDgjVGbuxY/e8HxGGAN1Dem4+sYU0OH1axYU6bvbQ5RoD3PttC18MYw2HwSPVk++s7DwVY0Mt1vnclbgsNRuu+w5zraazLLPVXMY80wPhDGhrhUBItq/X0B6QbFB6bNQd1bI5DZTmXONCAxAvY3Hreei+JOLDCYcsjD4j+RBzBPzN6KLn1tPL/AN9ZeOVsTlILp4oA3dEflZwSPtY/eLH4paiAKiU8ua2TOQxNrkhidRawPeAgy2ilyP8AnZSOncj/AGx6g3VDoXSyjQAqDfn36StAcoXmp+oO8Mw1hUqU+RN17GMqfUHUc+31H5RkBCsNLe4/WMaJMMcAeb+UkAn8N9j6QgUco+n0/wCYDa/w9jaWFJd6bu5NgVyBVS4uAWN7nmbdBN5/GgZz/wCO2TL5fOCykb2Hy29/7Tn0RBrvJ1XHw8y7g3+kWpfZzKxLjdY42urorqCqoqOwF352IJHm06XgnDUzsKd8rE2AchLnpmOh/e0WNrr8K6i1ir+muo/T2luMcOjk6+Yse4Ym/wB7n3hJJ6FtvdS4hTfDP0KnUdPxK6n5TqQRqCDz0ldSqPhm2xAsOgJBAlVXFtWpgObvSAUMd2p7Lm6lTpfppyEqY2RV9ftcCXhN5RGd1jULxiZG8V51OHScUheKAdCzStmkWaQLSWjmyWuQDbUj7yWe27n0EbFJao4/qJ+uv6ydNF6Tlvt2S7iyjiDyv6sSftNOnWUizf2J/sJkNU+vIcveEUqYOrG/WBjWqUlYOjlHU3VlvdSNrTcw3i+qVysodtbOFKXHLMu3uJz6/DG1h66mNWqBtA6gerXPrp+UVxl9iWz0s4xxb4zguSLKVFgCASQTcDWx7GVUqFRhmpgVANyhDMB/Up1EzcTQya6EHmL/AKylWAN/MCOYNvuISSC3bSd7fMCN97jbsZJOIKpGhy5crdbb3/3EmVLxNimTKmtgXYEvYG9gSbC9hcgA95Wr9VQ36BR91jAitWTN8RH1zaixGh56yZrahxY3FmW+4J+x6GZjJY3A07G/5yymUvY3HK+vP0gGkANbeZHFj3HIjoQdCJXh8VkPw3+X+U/h7ekFpV2pk2bS+o699ZdWIqDN9YAQxNNrbqdjHpVcrlDs23rAVrWGRtR/KYmq5hY7jaA0LKeVk7EjuDvKsC/lYH8BHuLyP8VcD8QgzPqe9/vJGhGGawv2ZfteSdtbdNP7yrDNpc7A/wBj+giJm3FO9sea9SJXivIxToc+krxSN4oDTaZpBnlbPIF4k7ZvFBapfqAffaClzymniqQcb6jY/pMypTKmxFv1nPnjZduvjylxkJHIlq5jzlAaSzE87TPTXYlAo+YiXDFU12WBKiDdryZqINh+/WMhbP8AE0BsOw0+sb+BXKdR3JNh6L19YE1djoNugjrTLasdIGZaAJtmF78gT95F0ZdDfYffaF0CoJA22vtvpf6XknbMSev7EACFRhzv66xs/b6S56V4+Hw2ZwDtz9BFsSKC0dXImjU4ap+ViD31EBr4Up8zL6A3J9oSynZZ7RNSMXleaK/aPRbSzSa3bQCVhjDKfyjXePHHd0nLLxm0hoLRXkbxToxmppzZW5XdSvFeRilJ0e8UaKAHs8gXlZeMWjZ6qZaBY46j0P5wkmCYzcekz5Plrwz/AKCxxFEJg6z5TEJYsRECJTbYye+9yPykMgjZO8WjWpUsdRv/ANS5HU84LZoZhKdF1yu5SpmvmNymTLtZbsGvrtblpDQ2leU1KzJqOYteUoyg+Ytbqv8AYmJyG0W9hqL7++totHszYpz/ADfSVE3Op16yWWRItHBSijyMZJGFUT5R6n9/eDvsvpCEWyjuSfylYfSM/k8UaKbbYaPFeNeNeGxpK8UheKGxoRGiilsylGI/X9Iopny/Lbi+gxjLvFFMHQsEIpIDvFFGQmnQXpLloKRqI8UcTR/BcBScVM6BrBVF76ZmIJGvzAbGc+VF/wD1MUUWXs8Q9WW4f9/UxRSapFufrGiigaJ2kWiigSxdl9f1hH8o/wDb8xFFLx+kZ/KMUUU1YmMaKKBlFFFAP//Z', NULL, NULL, NULL, NULL);
INSERT INTO `profile` (`id`, `birthday`, `description`, `sex`, `first_name`, `last_name`, `user_id`, `address_id`, `profile_pic`, `active`, `created_on`, `updated_on`, `age`) VALUES (29, '1983-05-12', 'When I\'m done with you...you\'re room will be cleaned and your notes will be organized with the best divders', 'Female', 'Amy', 'Santiago', 29, 35, 'data:image/jpeg;base64,/9j/4AAQSkZJRgABAQAAAQABAAD/2wCEAAoHCBERERgSEhIREhIYGBoSEhgREREYEhIYGBQZGRkYGBgcIS4lHB4rIRgaJjgmKy8xNTU2GiQ7QDszPy40NTEBDAwMEA8QHxISHjYkJSw0NDQ0NDE0NDQxMTQ0NDQ9MTQ2MTE0MTQ0NDQ0NDQxNjQ0MTQ0NDQ0NDExNDQ0NDQ0NP/AABEIAOAA4QMBIgACEQEDEQH/xAAcAAABBQEBAQAAAAAAAAAAAAABAAIFBgcDBAj/xAA9EAACAQIDBQYEAwgCAQUAAAABAgADEQQSIQUGMUFREyJhcYGRBzKhsVJiwRQjQnKCktHw4fHCF1NjorL/xAAaAQACAwEBAAAAAAAAAAAAAAAAAQIEBQMG/8QALREAAgIBBAEBBgYDAAAAAAAAAAECEQMEEiExQXEFEyIyYbEUUYGRocEVI9H/2gAMAwEAAhEDEQA/ANBEeBAojgJ400QgRwEAjhGgCIoRDGIQhihjECGKKSoQpE7Z3hwuDH76oA5+VE71RvJRwHibCRO/O9QwFMJTscTUByA6imvAuw89AOZv0Mxo4l6tQvUL1GY3JNy7sevWXtNpHkW6XC+5Fs02v8T6atphXKeNUZ7dbBSPrJaj8RNmsAS9VLi5zUmOXzK3+ky6lsLF1xdaaov5zr9IzFbDrYZQ1Sx11y6gC3Ey09JgfCdejCpVdG7bN2ph8UmehVSovPIdVv8AiXip8xPZPnfZW0qlCrnpOabjgyaX8CODDwM2fdDeZMfT1ASugHaJyP5l8PtKmo0jxfEuV9hRlZYYoYpTJAihgiYwRQxSIDTAYYjESGGAx5jSIhjCI0iPMYREA2KOtBESCBHCACOEZEIjhEIhGhDhDFFJCFDFFGhCnOq4VSzGwAJJ6AC5nQyv764o0tn12XiUKDwz939ZKK3SUV5AxjeLabYvEVMQxPebuA/woNEX2+t5a9zthKtMVHUGo2pv/CDwUfrKXSo3cX4Apf1P/c1XYpCoNQPWbmX4YqK6JYUrbZPYbZq5Z4Np7OVgVI0+0lsPigBIXHbw0S5p00q1XGhyJZAf52sPWcdqa4Otu+TM94Nkfs1YOLZWNjYaa+HKctl7UqYSuldNGRrEHg6HiD4f7ylm3vrq1El6dRDdRZgpHHkykgyk4hrlQPEestY/jhUvQrZEoy4PorZuNTEUUrIbo6hh1HUHxB09J6ZnXws2v3Wwjn/5Kf2dR62PqZosxMuNwm0AIoopyGAxQwSAAgjo2BIEBhiMiMYY0x8aYhjYoYoiQhHCAR0ZEIjo0R0aExR0bHRoQooojGRGsZSvidVy4Bl/E6L7HN+kubmZ18V8RbD006vm9lI/UztpluzRX1JeDPUJJJH4Q3sNfqPpJRmLAJ2JZwAzMzsHe7AHICcpPO2glfpYoqQfP2P/AD95p251WnXoozKpcC2vUaTdyPak6FiW60ejdZK6qadUjLkDIBfu6C416Ekek4bQ3SqVu8lRrk6nNay2IK266g35WknisdToYle0bKpWwNja/QngJJbLxZylirBL93OACRrYjXhwlZSalfRYceKKntTdnssHUVnZmAZ0uxISxzBRe5tpbUzO6ou1/G49QJrW92KzUKgX8DW/tMycg34aEkHx6SzgbdnDNGqJXY+0Hw1dKyk91xfxvxB8CLj1m8YTELVprUQ3V1DL5ET57pWKMp5jMLeA5TWPhhjDUwRRmvkdkXqFIVvuTKWvx8Kf6HNdFyiiimYSBFDBIsAQGGIxDBGR8BkRoaY0xxgMRIbFFFEAhHiNEcIwCIYoo0RCIYBDJCYojFE0BHGoZkHxWxufEpTB+RNf5ns32tNdqzEN7KDVa+KqnilbJbwuVH0Cy3oEve7n4/slL5SpXlv3DxpWoaZawJDa+On6So8P+53w1V6ZWqhsynL4HS9jN6cd0aOMJbZWa3ia9ZamXJTKHg7BnP8AaB+s9SPiHsFqC3A/uQoHlc3Mru7289N7LV7jafNwPkectOK2/hqaX7ROtlIufQShTXDRoKVx4RHbxMiUHzHTI1yfFTM3ri33Hny+0lt5toVcQjNYrTGoHNvE/wCJXsPiM6BT8y6fzDr5yzgjSbKuaVtIdUq5Qp4EH3HD/fKXb4WYxkxOQE5HBVhyBsSp91A/qlBxLXPhLb8L6gG0ERiBdHK/mIW4+30kdVG8TOa7NvigBhmASFBDFEwGxGIxGIBsUMERIbAYYjIjGxQxRDAI4QCOEYMIiiEUaIhEIghEkJigaGYjv5to4vGOFfNRpns6YB7htozAcDc316ASxptO88mk6ryQlKjW8fjqNNS1SoiAanM6308Jie9O1FxGJdqTWRyMwAID5dAW1sW8fAdJCvVtoAo66cZ0qJmTMMoA45VOs1dPoo4ZXdg52jyJTB48OXUnoJ1RbZ05ED3BGo9zOCN4E26cpP7A2JUxZzKpyA2JPW1+PrL0ntVsjjg5ypEpszY4rUFa2tpJ4Dd8A3IvLJsrZPZ01QchrJingSOUzpSk2XVSKltTZS9iVK8RaZjjcK9F7EEWOh6zdcdg82nISlb37OUUc4AuLzphm4yr8yE4bkZ0zl+I16jnJ7c6r2e0cM7sERWYlmIAAKtzP+6yHSldQfzAe7ATvjCAqjnw/wB+kt5I7ouP5pr9youOWfR9CqrgFGDA6gqQR9J2nzPQqcxoRzGhHrJChtfF0yCmJxC5SCLVqltPC9jMv/Fy8S/gbyI+iIpBbo7fXH4YPcCqlkrLws1vmA/C3Eeo5SdMzckJQk4y7RNOwGAwwGQGCKGCIYI2OMaZEkgRQxRDAI4RojhGDDDBDGRDFFGO4UEkgAC5J4ADiTGIrPxB2i1DAPkYK7laS62azHv5f6Q3vMUd7KT6Sf313iONxBZb9il0ojqL95z4tYegEr1TVT7z0miwPFip9vk4Tds8dNQz94md6zsxyKSF89JyZNDlNz947C3vrx6SylYmemkgVbDzM1rd3B9hhKaWs2XO/XM5zEHyvb0mdbCwXb4lKdrqWzP/ACr3m+1vWawOkhmfSL2hh3L9D2YVVsD7z3Cpykdgj3svXUSSFPwlKSpnTJFKR5sQoOt5VN7aA/Z3J6D6sB/mXDEKAL2lE3yx6HDsmYAuwXW9wDzt4cfSEY3JMljVpvwkZxiCAthwB+2s8L1C1zO+0aqFzkJym2mvG2sbTpEpa2UcSeN/DThNBdGbPiTVjsKLgny+09QEZQSygWt950DA38JNHIlt1NutgMUlbXsz3Kyi/eQ2JNuZWwYeRHObvRqo6K6MGRgGRlN1ZSLgg9J81u2lhx4TQ/hrvN2TDBVn/dsf3DNwRydUJ/C3Lx05zM1+lc4+8j2u/qjpB1wanFFFMI7CghgMTGAwGGAxEgRRRRDAI4RojhAGOiiikiIpQPifvH2VMYSmf3ji9Yg/InJfNj9Aesmd9N512fR7oD4l7ikp+VbcXf8AKOnM6dSMSxeOq1HapU77uSzsdWYnmZqaHSOTWSXS6+rOU5VwcWeJX0tGXY8oy9iZunA60KWZTfmdJ6BQBte9xz5w0FARfK/vOoudALkmwA5k8BGMuG4GD1qViOH7tCfRn/8AH6y6Tx7G2d+z4dKWhKi7Ec3bVj7n7T3MJTm7lZuYIbIJD0bKQw5G8n6ZBFxwIvK6kl9n1O5Y/wAOnpxnOS8nLUR6YzajArl68bcQJn28Wz0z0w75UL3Ysx+UKSeMulepmYty5eUgts7EXFVENQ/u0zEqCQWJsBryHGOKo64k4woz/ZexDjMU5pXWkt8rMuhP8IseI6yPxeBehVak4ByGxsxtwuD4ixvNhwmBp0UCU1CLyA/U8zKdv9gclRK6jRx2b/zLqvuL/wBssQlbplTU4Uobl3dsp9p5Kxy1AeTDX/fSewmeDHjVT/vGdzNHHVtPKd725+3GeZCbm0cpN9YAa7uRvuMQFw2LISvotNzotbkA34X+h89Je581rU6TStx9+HZlwuMcG9hSqtob8kqHn4N79Zi6zQ1c8a9V/wAO0Z+GaXAYYDMc6ggMMBiJAiiiiGAQwCOESBinj2xtOnhMO9ep8qC9ha7sdFRfEmwntmR/E7bnbYgYVCTTpauFPzVCNf7QbeZaW9Lh99kS8efQ5zdIqm29s1sXXevUUZm0ABJCKPlRfAf5PORor/lAjg6+IPRhGOyz08YqKpdFZuwVKhnnU3vOioztYD/idMRhzTAvzvb6QckpbfIq4s9CNoPKWHc7B9ti1JF0pjtD0uNEHub/ANMrStNC+H+Hy0HqaXd8o/lQC31LQnKoljSw3ZEv1LqCLRhtGI0LSobO3k60rXnZ3CqwXiRYzwztraBGUbYTCLDjOZbWC94DofxN5E704XtsHUA1ZV7Ret071h5gEeslZz46HhJJ07IyipRaMZzzx4s6j1/SerGU+zqvTHBHemPJXKj7Tw4k8PWXDCkq4EzWInT5v1nXA0u0B9JzxFFqRudV5H9DOayR3bfIbXVjy1o25jM94gCes6CNR+HG9jEjB4h7g6Yd3OoP/tseY/D7dJpJnzXSBU8Tfj3dLeN+s3DcTa9TF4MPVsXR2pFubhVUhm/NZhfra/OYXtHSqL95Hp9+p3xyvgskBhjTMhnZCiiiisYBCI0R0EwOOLrdmjPxyqWsOJygn9J8613eo7OzBmdi7MD/ABMbk+5n0Pi27swXb+zP2bFOgAC3LJpbuMbgXHTh6TX9kzjulF98HHKnSZHOmbQ6H/dROC02ZggF3JCgDmSbCde8OBPv/mdsJinpVFqAAlDezKCCCLEX5aE6zcldOuyui17L3dFNBm7zcWPU/wCJAb20wlcUx/CgPqxJ+1ppeyKtPE0Uq0/lYcNLow+ZT4gzMd7nzY6t0Vgg/pVQfqDMbQ5MmTUS39pP7ljKkoqiNUy97i7QHZGlzVzbxzWb9TKCvCTu6FVhXIHCwY+YuJrZVcSWklWVfU1uk4M62EjMBUz8Z7ittenCV0a7R1Cj6/pOgnlL6jw/xHhyRCxOLEBDaBVPXSEtEAWNhIja2O7Onm6nKPaSWIeykyk7xY3NSZL2J+VtdDyMY+lZRqtTPUdr3u7t53YmcKuvtG0jCpuTLiMCXLLBulhe0WoehUfRpJ43ZhsQVuOYIj/hvTDduvQo3uHH6S347DKqFmsFUFmJ5AC5M89q9RKGpcV9CxjinBGRYvDCm2VQSG4Ak931jVRvI+4nqx+I7WszqmUHRbngo4afX1jCDN7Hexbuys6vgPCbP8PcAaGz0zaPUJrsOmcAL/8ARV9bzJNj4E4nEU6PJmAfwQaufYGbzhgAAALAAADoBwmT7WzUljXqzthj2z1QRAxTEZ2FFBFEMAhjRHCAHDErcTNviBswsgrKLlCS3XKeJ9ND5Xmmut5D7Sw4ZSCLg6G/A3nTDleHJGa8A1uVGEEdIn6e8kNu7OOFrtTHy/NT/lPAenD0kdmHMGeuhOM4KUemUmqdMs3w/wBpGjijSY/u6vc46BwO4fXVfVekr28LhsZiCNR2z/RyP0iw1Q03V1OqsHHW4II+0j8RULu7N8zMzt5sxJ+8hHCo5XkXlJfsNy4SHA6Ce3YuJNOrobZhlPuDI4PpHUHs6nxt76TpJWiWKW2af1Nd3erXHG8nybiUzd7EWVZbFqaSobq5OpUx6jSNuT9J0gDYwGJgY5SI1tYAjy449yZ5vKSxAvzl+2o3csJUsbgswzE8+JjTphOLcTPlawJipnSNdSBl6Gx9DCsuI8+y8/DDFouJqUm41EDIfGmWJX1DE/0mTXxC2lkpjDIe8/eqW4qgOg/qI9lPWZxs3EVMPXp1kHfRw630uBxB8CCR6z37Qxb16r1XN2dix8OgHgBYekoT0SnqlmfVfyuiayVHaeYAQs85vVtFhsO9V1RQSzEKg6k/pL7dK2cy+fDbZ2r4lhx/dp5DVyPWw9DNOoCQmwcAtCilJeCKFv1PM+pufWT1MTyGpze+yyn48ehdjHbGjrAYYDOIwRRRQAEIgEMACZ4sYlwZ7ROVZdIMaM53x2V26XWwqJcoTz6qfP8AQTNWzI2VlII0IPEGbbtjDXBma7x7OZT2gHD5vLrNf2Xqmv8AVLrwcc0L+JEBYeU41qQY6aHy4x7H6x2U8ufOb5WI96ZU2P8AxGMfflLTsHYRxOZnuKSmzW4u3HKOlhz8RLNR2U9C/wCyYelUuozBmCNccRmbj7zhPNFPb2zrDC5Ld0iG3aqaDU62IHmJeaFeyK1tL2Mz3bG0K9N1thXw1ZTdywuri3C3AjhqIzDbzYtSQHUg37tlsDysDfTynPY3yacNXjgtrv8AY1o/4jiZng+IDL3Ww6lxa5FVgp0vwymH/wBQHPCgg83c29ABePZIPxWL8/4L+q3nOswFhfU8B1lJTfd3tTVUR2IRGAZlzs1lzK2WwuRexNvGQuI3rxrMGNVUIuBkprpfjxi2Ni/GY0/LNFxj93W1hxJtp6yu4nA18SctNMqfiqEorDnlFs3ra3jKZV2jicU603erWdiFVdBcnhZFGpl0wmwtoYjv4/GvRRR8lNkWoR+d1Fh9fSKUK5bH+N3KopkHjtyqrm61KQe5zgKwTThlH+9dJDYnZTYWpkqC7WDA/wAJB5j/AHlNN2NRoAlcOXdNQ9RizqbH8bXBN+QM8O9mx+1oFkBNSnd1/On8Sjx0uPLxhDM1JJ9FTJhi4uS7M7cc+c5FtJ0PCcSh5G3geEuFIQQDU8eQl73G2Mb/ALTUGpFqQI4A8X9eA8L9ZF7tbuZyKldDbiiG+vi3h4e80zAUbAaTD9pa9U8UH6v+izix+WSOGSwnuQThRWegTER2YY0wmNjEKKKKIACGNEcIAEQMIRCYwI7FUbiVXa2zr3NpdXWR+KoXESbi7RIxTbWzTRbMPlJ4Wtl8rcvt4308eHps7qi6sxCr5k2l+302ewwzsqlmGU90a2zC59rzNxXdSrJmV1N9F4EcDaeo0OoebFb7XBUyRUZGr4TCJh6SU1+UaMepOpY+ZvFXo3fuV3w1Q9VQ03045WGv9JEodPe7HIljTRujNTf62IE64bfLFLo60HU8VKG1unE/aCwzbssLNCqJ3byYxrUsQ1N6QvVL0My51QfK6tfiWHAmRtbZ6Vs6mklBmBankVctMAi+ulteIJt3m4aTgNvJWxFPLQWihV0qqHZkfOvFVGUKRbQjrJbD4qgqVK1R1YLTZaaoDmLNYAuOFr8RfmZLmPDXJyk03adlErMzkX42ufM/9QIGBBUG/mP8R4Y3txsLcIRxlyiuevZeJp0nWo5rqynMOySmdQbgXZxoeenOeN7tx01vYcr+MdFFtV2FnbZlZ6FZKlJglRWGVn+VSe6S35bMb+F5fcbTwWHftNpYv9tq/MKSX7EHlakp1820mdgHlPdsnGDCVkrBKbslyFcXS5Ui9hzF7jxEjKFnWE9vBo+HxuKxI7Up+wYNbH94B21RRyC6Cmvib+E82O32wCnKtQtlPFUdgfJrWMo22NtYjGNetUOTkiXCf28/W8hsUgsCPKclgT+bj0JvO18v8nv2hjaDVHelmFMsSikWOupsOQuTJHdErUxJVlF8hZL62KsL+tj9JWVWTm61YU8ZRY6AtkPk4KfciPURbwtL8mcov4rZq+AwtpOYZLTjh6Np76STx/1ZdZ1QTrGqIZIiAwGKAxAKKKKBIYI4GNBhEQD4RGiGSIhInGpTnaBhACHxeEDAgiVvFbBp3JCAeQl2dJ4q9ERKUo/K6JdlCxOzAARaZw02batLKjnorH2UzGjN72RNzUr+hXzKqArEaqbEcCJ6BtOtkam1mDDKSVF7XB0IseIHG880M13FPtHC2g5tb9YbxsMkIdeK8beGABJgEEIEADeKopZbAXPLzgnSmdR5j7yMugPIgtobg+PGT27uxa+KqpkBRFZWZ2ByrYg6fiPgJak3fzNr9hLdsbZ/ZqBbhMbUe1VtqC5+xYhh55ZOUU0noURtNbCdRMM7sIgJhgMYgGNJhJjSYiQrwxkUQCEcDOYMcDAB4jowGEGMQ6GCKMQCJwqrPROVSIZA7Yp3pVP5H/8AwZhk3zHpdGHUEe4mBuLG3pNr2M/mXocc/gBihEVpulYEBMMUAADHRohgAYYIYAKEGAxyC5t10kZdDRu2EwwsDbkD9JK0aVpxwyWA8h9p7VE8VXJfsIEMUEZEUBhMaTEACYDCTGmIkKKCKAH/2Q==', NULL, NULL, NULL, NULL);
INSERT INTO `profile` (`id`, `birthday`, `description`, `sex`, `first_name`, `last_name`, `user_id`, `address_id`, `profile_pic`, `active`, `created_on`, `updated_on`, `age`) VALUES (30, '1983-05-12', 'I\'m the queen, what more must you know?', 'Female', 'Gina', 'Linetti', 30, 36, 'data:image/jpeg;base64,/9j/4AAQSkZJRgABAQAAAQABAAD/2wCEAAoHCBUWFRgVFhYYGBgaHRoeGhoaGhoaGhgcGhwaGhoaGhocIS4lHB4rIRwaJjgrKy8xNTU1ISQ7QDs0Py40NTEBDAwMEA8QHxISHjQrJSs6NDQ0NDQ0NDQ0NDY0NDQ0NTQ0NDQ0NDQ0NDQ0NDQ0NDQ0NDQ0NDQ0NDQ0NDQ0NDQ0NP/AABEIAOEA4QMBIgACEQEDEQH/xAAbAAABBQEBAAAAAAAAAAAAAAAFAAIDBAYBB//EAEEQAAIABAQDBQUGBQEIAwAAAAECAAMEEQUSITFBUXEGEyJhgTIzcpGhBxQjQrHBUmLR4fCCFRZEc5KiwvEkJbL/xAAZAQACAwEAAAAAAAAAAAAAAAAAAQIDBAX/xAApEQACAgEEAQQCAQUAAAAAAAAAAQIRMQMSITJxEyJBUQSBwUJhkaGx/9oADAMBAAIRAxEAPwDRysGpJztUshdWBXxJYZZbEEi+oub2OhIjyTtjQyaesmSpT5lzG90ZGlli34fi9oAFfEN7wdwz7SpqqUrE71bLlKgKSy/xXNiDoT58IyOM4mKmoeZlCZje2Yst9/4RqekVRjTsucrVA0ymtcI1uJsbfPYcYNYTTTShm+AIhCnxC5z3Ow1J0O8WMDpXnuJKp3pLeFC+RbkltVO4IDD63jmOSZkqa0lkly2U2ZZVgum2ax8RF9zrr5wSkm6+QUGlfwWXnrziP7yvOAcxn84hOfziC0hORo/vK84aapecCsKntLmK7IGC/lYXB6iOYtVNOmmYEVAbWVBYC3HrC2PdVcVn+Cft2br5uq/kKmrWJaeYHvZlFhfU2v0jNNLc8DDpCTFNxcQ3o2uGKM1a3YNRh0pp7ZZa5mte1wNPWIal8jMrizKSGHIiBdJMmo2ZCQ3PrDJgZmLMdSbkxWtNqTtqv92WOUXFbbu/1RJUykYlgdfnEUnDWKHKSf41yt4VGoJbbfpBOkpQBcjU8/6Ral106SrqjFUcWdQB4gNgTa/ExJzaVRFGMb9xn6misFZSGuuoUHwHkb/tFWTJzMq31YgaiwBJtYnl5wedzbMFuOOmo+XCFMoA9iNDwPP+8TU6XJFxTfCBE9WRilgLGxtqLg2uDyvBSnrGRGlKF/EFnLKp3G6k+zEq4bNKBWIIUkqbajN7QvxB3tFdqUg2aI7o6nGaEpuDbjxf/CrImqtlzsFI1CsRrxBtCSpRCcl7ee8KfS2IMUXXU9YtUUytyYUTFSpupII2INiIbNxUsSSSSdzzgXaLUvDJzKXWW5UC9wulufSIuEI8uiUZTkqVsdNN/Fzi5gg/GHSK6J4R0i/gkv8AGFuCxOSpEIv3FbFffP1iCT+bpE2J+9frEckaN0hxwEsk1MPCsFMLH4qdYGU2y+sFcLH4qdYlPo/BWu6NdlhQ+FHKNple0fZ2VJlmYVyeIKoLKXO92YcB9Tp1GawnCTNmyxlPdvNVL8STqVFuNgY1k5ZNfMmLJUy5WYTJzuVMzMbgBASbAai/KNF2fweTLYJJszAGYubxElbDRraE3AjoKVLkzuLZ52k2aXfuCJfdsW9qzKVYgWbcnSLFHKc5jMtcm9wQ1y2pJI46x6PWYGk+Qe9ky5TuubLLQJkYi9hpe42PPWMJT0oTW2u25P8AaLdOMZPkUpNKiP7neOfchBBJluEPz+UaPSgZZak/oHrh4MMekA4QYSZDZ9jwh+nAj6k/opyMNDCJDhFuET00xlNrQTlzGIvlNukQlGCGpTZlsRTJ4QPEYGS2trx4X4edos4vUF3Y+ZA6A6xSDRim03wdCCqPISp6gk2+v+cY1WGdjJlSA8x8iflW1z1PnATsjh/ezgLaL4m/aPYaWWQoAjLqTalSNUIJxtgGi7IyZSFfauCCTxvvGPx7BTTMCNUJ0PLyMeqFDA7GcNE6U6MLgg+nnFSlJOybjFqjzeiqLXU7HYxSxinI8QEVrvLdpb7oxB9P8vBdZmdMp3tFsIqGoprDyY9SNrgzk3UQGmbweq5eW4gDNGsdB1fBnV0MgxQ9o6iUhlo4yEEWKg2HkeEB46YjOEZqpJPyTjOUXadBOX7K9IMdmpV5zeSXgRKHhXpB/smPxn/5f7w5dSMewCxEfiv1iNFFm6RNiHvX6wwDQ9IcMClk7TbL6wWwr3qdYFU2y+sFsKH4qdYlPo/BFd0bG0KFCjkm0yGGdkp6VCo06XLY3JZHzMANTdALsPLaPRJ2M0VHNSS8xg7KPxstpQBBvqCbEWXba487ZvGO2FKkxWUNMyqwKCXY5mykEu9sosNlBvfyjMY72qSffJLEvx5sx8buQLL7Vgi25XMbNknLc3x9EXqRca+T0OpxynSnRVqpdTNC5bodXI0zsLnKeJuYw1TNCiM9MsjZpTM4KhnDALcH2gQCdiNxF77yrpdS1r2Ktup5A8RFi+0QaWCVqwRPIqQYEtEsp9InZSHqR1ZgsbvDsJTJewjzjBwTMEeo0DWSCUorhlsI2WsFwiWWPhBMS9uJsmmo5j2UMRkljTV20FumrHyUxdwFABePMPtPx7v6xZCm6SNPIubFz6DKv/VGXepNoe2mYmqWxC+UR2ieqYZ/l/WO0FMZjqi63IENvgtStm17E0zJILjIrOSbvfUDbjoINpjtSjWdZeXmt9R5G8B67s9OYy0ViEW10BIvbjcWgphfZhVYu4K633u2nDoeN4zNxacr5NS3Ko1waJsT/BMwbCMxMx11e8ypEtf4RlvY/WNNhyKQyWGW20B6/s2HChVUqCSLjUE6HXjFcGssck8IwnacyzUCZLfOrre/mtr/AEsfSGU8y3p+kGe1HZcSKUsgOaWc2v5h+b6XjOSpobIRx0+e0aVTjx4KJJp8kuKqb34ERl5u8a3LnlkcR8xpcf09Iyc8axfoytV9GOapkcEsESnMwfeCQnlffzI1gYYcBFs47k1deMijLa06vyaPEUkhyJDFpemUn677wT7KD8Wb/wAsfqYAU48C9I0XZMfiTvgH6mG47YJXdfLyCluk3VGer/ev1hh2PSH13vX+KGHY9IcMEJZH0uy+sFsK96nWBNLsvrBfCffJ1iU+j8EY9l5NjaFChRyDeZjtthrJKSYEXJa2ZWOdnOouq7Kqq2p0vGEll3IW7N5C54co2HbxAHZVppkrxGxZhlcA7qovod/WM7UYTMky5c1xl7zNkF/HobEsv5RHTjgy2Oo5oWYrFSFIIIvey2Go52/Qwcq5YCqFsANrbW8oy8sXOhIbgQfoIMyZznwu1yNrqUbTcEEWPpCkiSYx0jsocIjnNECzSDeGsEHk09BSFDmvryg9Jx/KuWMnIxc5bZdYrF2JueMUtX2LI8YPUKbtBkkPMvoqm3W0eOtNZnLsbsxZmPMkkn6mDs+vKyWTcWMZouLW43/rFejpKLbXyWSbdWTo5Yk8IPdjZ470v/DtAWiVXJVtrH1ME8KliXOIGzAEdeIiWp1aJ6bqSZ7BSVgYC8S1VaMpVRmNoy9GzEAXteLBxQSWCOjktsQujcxmOnpeOfzhG91kt0GNyQzDMTpuQfURek4qG8Sg5bncW159DAedRM/i7i3+tOZ3HpDTiDFhJEo3sSWVlZFA/iOlieA1iTi0uA4Ju2OIK1JO8kb6giPJcOm6KORjddsWy07Lxcqv/k30Bjz2mbKddhGrRVwb/uZNZ1JV9Gjpmyq3mP62gTjdDlsw5C8EZJzoGXbS45WgzV0GeX6RU9Vac0/vJmkrPPlEdMTVEooxU8IiaOknatFAXkDwr0jR9kx45/wL+pjOyPZXpGk7J+3UfAv7w59RQyZqs96/xGGHY9IfVe8f4jDW2PSCGAnkVNssGMJ98nWBFNsvrBfCPfJ1iU+j8MjHujYQofaFHGNx5d2gqKg1DGazZ9LEk3K2GVrbbAfWKtVWvNZXmMHKqqgAAAKosFsLdTzgl2zrFnVLOisFsqhTfSw11O5O5tpAiTKBUt7Nhw5bax1k+LMxCjWJB1HkATby5Qb/ANrBlVVkqlhbNmY5uVwwJv6wIMxl8I9nQ/3BteNR2SwqmqDlfPmNwMraX3JII4XEDQJ1gDVEyK2aLeK0jSpjym3RiOvI+otFJFgWBZZoezFF3r2j0P8A3Klst9jGO7HpkYNHpcvHEUeIxxfydWfrVFnQ09JenZ5/2k7LtJks4N9QvpYsfoIwM2SVc6bcI9vxTF5MyRMRyNQba76WyjzIuPWPIK1w0x7rYlRoOdrH14+sbvx5Scfdkp1IpPgq4fq4H+WEXquaUKON/wBrL/eJMLpMo19pt/K+yjz3v6RXrDmdF4Wb9yYtdORGmkbrAMTV0Gv/AL5Rq0ImJl35R5HgpIdlB4xq6PE5iG+8YtTTqXBt09W1yan/AGfOGyofOwB9TbWLEinZEZn05cvSBcrtV4bEG/zgbiuPvMUhbqOZiKt8FktRtZM12rxMPUrKU3VL5j/M39Bb5mM5Mktmtaw5W+USyWUVDa6k6X4nzPnBx0VuH9R0/pGy1BJL6MLuTbK+FvkWx9nUc/WNnROHRSNiBGRprKXUi99Rpx4/51g32VnXR1/gYj9YwfmxuO/6EwH2pw7K2cCAtHRPMYhEzGPSsVpA6GPOJ7TKeYcjFTzHKNP4es56e1ZWLKGkpc4LvcMlkcWYbiNB2T3qfgX94z4ns9nc5mO55xoeyn/E/Av7x0JXs92SuNbnWDM1PvH+Ixxtj0hVHtv8RhNsekOGBSO035YL4QPxk6wIpvywZwcfjJ1/aHPo/DIx7I2UKO2hRxzcef4+MgZlXU6G3G/OA5q07nKitmy+M5gBy23YWtFjFcQctmYIrDRlUPlbU8G0XjtvFVJTN3rAZFC7HLmtobbC+nECOlCO1cmeTtlKXNUNdhdSLcyPMeYj07A+zMtHD5FnoCroyt40JK8j411J34GPNnTOSeJ1sBr6CCmGTainzZJjIrL4lUkb8GB2O+0WNoFFvBe7cuprJuXgVB6hReAtJLzMBzjk8km5Op58YdQXDgjhziLftBKpG5oESTLzuQB9T5DziGbirPe1lXzQn65h+kVsPIdjMmDPlsFU7DQEkLtfW3pFTHMQVyqIoB4iwGmo4f5pGDZ7rr9m7enGr/RLIqHuzhlCpfxuNvJQbC8AUfMzvvrp5knMfoIsz6ZmyoPZHPbjrDZ8tUUAbD6mL40ipi785TrZRoTxc8VX+sVFLasRbkPO1v0MWJDMjqTswsQRdbdOUEamUHTvBtso/eHdCqyngIOcE/mOvXeNgkmxsRGTwNdrflaNyFPhNoo1uxdpLgjFMnKKFSgysx0AvYdOJglPewNrxicfxfP+GjXX8xGzeQPKI6cHJktSSiuTO1ZuzNwJ06bQVpqwldT4hx/i5X/rA5FzaWvEkuSwsONzG2STVMxxbTsL0lUdeB+ZEG+ztQJZyEe22rD+LltAumRJFgbPMcai11TyJO5iaonBEvYsNNRoUJGjDmbc4yakFqJx+y145N3LFxaMb2tw3dgNtYu4T2mXKO8JuDlzW30uLgbGLtTUJPU5WDdN/URk0NPU0ZW1gqlTMeCumUWFh6Rouym1V8K/vAOpk5HK8oOdlfZquix2m7jZRHLMvUe2/wARjp2PSGzfbb4jDjsekTjgjI7TbJ6wZwf3ydYDU2yev6wawb3ydYJ9H4Yo9kbK0KO2hRxzceOYlVF26b65gfWIpDHOMoAvp5WOlteGsXsbxdZ3sSVlXJLZTcvta5sNrcNId2Tou+qpcvNlBObja6DML+ojrJUjMnyEcBw0ugDIyJ3hUzgPZZQfACdLWI0vDJ8yy5SbnUEmN/jtAJSXBFmJvwBa29o88rWBc2iuVNouXtjaZRmmO0j2zNyK36E2hk6JaS4Vifzfsb3+YidWiq+Q2aoqjFLFtCRuORI2vaw+cDKWczTMzam1uHFgv/kYjRrQ1ZoVrm9iCCRyOx6g2PpFe2k0TvmwoXPHl/n7RBWDZfX6X/eLIXMEcbMp9GUqSPkph5RQ2Y7hBbkOZPnwHqeEZ8F2SpUyXyoW0BDBedtienAQ2VNZyssaAeEDncf3hV9YzsAfZHs29IumQJaLMB8bAkeRO3yJHyh3SVi+eChKqu7d8tiBprsSDYnrvB2j7WoFAcFfO+Yeulx9YzdPSlsyne4HzDD+kD1ptPX/AN/tFvpxnkh6ko4NJ2g7QZ/BKbwkeJhcE34DiPOM1rEglWh6JqOoi2MVFUiEpym7ZcoZIVCTufFbckcCeQi9LKS1ztrbz3J4ftFBTZmHkYsz1VpartZr35ggbc9Yzy5fJdHhHJL2uxszNc/IHQDgP26xfSeHlsjAE246BiLX+FvOKVJTsxuNlI03Nrj9YszFA2Fi2o8r5ifoF+URdNj5SB005UCi9ic1juNLAHz3htLUMjBlJBHKI5za3O536xGr2F41RXFMzN8hWZUF2zHc72g/2V9mq6L+kZOVOGh+cavsq3gqj8P6RKXWiKXuMtM9tviP6xJwPSI39pviP6w/gekSjgrkdptk9f1g3g3vk6wEptk9f1g3g/vk6w59H4YodkbS8KFeFHGN54mUtZiTlJ/1dRfhBDAq7uamXOL28RJbW4HEkWihVSSpCk68V1OX6Q6RPZSALbjcCxsdAb6WvrHXyjNhnq+KYtTzZKpLnrNcku2ouDY6AbjSMHWKLwbpp1QUKzBLyKPC6qQSDf2eG9xwtAKp1MVyVUThK00UjLufLjE8zYCFLFgT/mkRd5miawReRj6iIkubrvyieIGchhY2voYYBLC5xUtL3sQy9VGo9QIJVdsjN/Mq+njP7QBkEhwQNbjXlbW/pBlaxSr6Ag2Y8gw8t4y6kadouhK1QMJLLa4ub5eo1go7l5aN/CMpHIgj5cYFVCktfddCLD2eVgNxB7soGeaqblmve1x4eJ9BCkuLRKOaIJdM7NcI99NlbYEG505QMkUkyYSJUt5mXfu0aYRe9icgNr2PyjejGKlKppQll1RjdZaFnKDKltL8kHDW3ONP2FqFfEa91kPTh0kMZcxMj5hnDMV/mNzfje/GJ6Tsr1ODxr7lMyGZ3czINDMyPkBvaxe2UG+m+8KnpXbxqjFVOrBSVHHU7CPcvs/pEmUEyS6hkadVIynYqZjgj6xS7HYG9JJxGme5AZijH86NKsr9Tax8wRwi5sqs8aJ8NtidB/f9IdRVK6pMBtwI9pT0O/SNd9kuF9/Wd6wuslC/+t7qmnQzD1Ah32tYQivIq5OXup6WuoGUsBnRgf5kbT4DFbhbosU6M7NmdyA6ODe1jwYA32/UHnENVXI4Dro1xdeRF/mNYCqhta5te9uF9r2iVUtAtJLljc2+BzGI5x2HrD4ru13PlaLUVMsytjGm7JVYtNl7Flv1y7j5GMur2BizhNTkmK3nr0Oh+hgkrQIcw8TfEf1iUbHpEb+03xH9YkGx6Q4lcjtNsnrBvB/fJ1gLT7J6wawj3ydYlqdH4Iw7I2cKFeFHHN54rPfMxJYm99bcfXYRewPD3mzwqKWykMwPIEbwMZDci9+ZGo1840PZScqO1ldswA8Iu2hu1h019I6r4RmWT0KXgDzk8BABJGvA8fSBtf8AZzVrYq6PfUgEi3zjW0DqUzB+J02O/KLL1UwKcr76EcbRHOSTqKtHjWL0TyGaS9s6kZrbagN+4gUh36wXx+eXqJjE38ba+QOUfQCA17NEkQJ1e8V5zeIdY7O0s3zhjG5XrDHZaO3WIAjKbqYnDR0QqGmcQv0HLe3TlG1+ysg4gmdhqkwLcgXawIAHE2zfWMatjtrEwluAHswAIIaxABB0IbnfjC2oNzPZJHZesTE2qUEtZDv4xn1ZDlJ8GWwbMOY2gvhx/wDuKoX/AOHpyfI5pg/S30jxeZjVehBaprFvqM06eL9AzaiIqPGKqS7TZc2Yjv7b3JL638Ra+Y34wKKQm2z1DCJzJhOIOrFXlzqxlYbqyOXUjzB1jT9mMbWto++AAcqyTVH5XUG46G+YeTCPB07QVKypkoT2EuYXMxPDZy/tkm19eNoiwzHKinD9xOeWHtnykWa17Xvx1MAUem/Z40qiwl6yeGyzWF8o8ZS4koq6jdi5BuNGvFmq+6Yhhc6now3/AMYK0tHBLqUBZFBZiSGUOgN+Y4R5XNxuoeQtO05mkplypplGT2dhfTzMdwjHZ9IxannGUzgBrBGzAG4BDqRoSeHEwBQOVRCYRIzC/AeWg+QGw6Q1hEhkIiqhuzHzMXCbQNRuHzgEy420NlnWGltISwCCV7knziUbHpEEvYRONj0hohI7TbL1MG8I98nWAlPsvUwawj3ydYep0fhkYdkbSFCtCjjG88XpqRnJVWXKNSzEIo6loL0c2VKmLaaXsPGU8K+ZVjrfXgIiw+i7ymmkBfA1/wCa2W97ctIE0lPndUDKpY2zOcqr1PCOvkynsOH1IdAyggEaXFj1IO194s/eiATy/aMpgcxac5Hqe8LWyi9xrtl3Jg5UzgEb4W/QxEHk83nNckxSm6GLbRWniJAPOoiqmjWidNRFWadbwAEEAg52OC/fqUMAQZqAg6g3YDUGM1Ic2EGuzc7LV0rcp8g+gmpf6QDPVsc7ImsxbxKVp5cqUXI0zm72lqeBNtSNhyJBjP8A2tYzM737kqmXIlohCCwEy6+FrD8i2KhdrqTwFtJ9qfayZTd3IpyUmNaYz22RG8KjnmZdf5QR+aB32iSVrsPkYlKGqgCYBqQjnKym25SZp5AuYSA1ParARXUChR+KqK8o/wA2UXUnkw062PARnsVkh8FoEcG2ekVgbg2LZGXmDYkcxBbEu0P3OnwyaxtLfu0m+SPJvm/0sFboDzi19oKKtIgUAD7xTHTa7T1Yn1JJgsRT7a9rzhfcypNPLaWUay5igQIQAqhVItYw/tAZaVeG1mULMmzBKdhpnWbKYKrfxWcrYnaMp9ubATaa5Auk3f4kgj9qFSZdFh80bpMluOqSiw+ogGX6jsvKn4zOecgeX93luym9i7nukOn8sp/pEHZOiNDRYmWX3UyoC3sSyS5SlD65vrGyxrE5VNKarewX8JWbmrPlX0HeMfUwE+06eJWHVBXRpjIp88zIrf8AYpEKwBeH1NPQ4PT1Bp1mBllmYDluzuLM5Zgb6jbgLAWAjDdr8bw+plo9NTGROVvHZJaoyFWv7BszBgliQDYtEvZf7R59FKEh5YnSx7vM5RlU7qGytmW+1xpqL2sAV+0dpNRQ0lcsoS5k1gtgQbqyu9mIAzEFVsbfmPOH8geZVB8J6RRlDjFqqbwmKqaCGDJbxIu8RS4kEAi/K2ETg6HpFaRtFkcekSRXIdTbL1MGMJP4ydYDUx0XqYL4Ufxk6wanR+GKHZG4hQ2FHHN54vKDMxscpsd2yiwG1z+kM7o6X4i487n+0arGOy33eT3vfyp6hyrrLPsKCNSb8eUZ7EKgzHLEBQbBVUWCqosFA4R1U7MwV7PYdNZ07tVcn8gIVyAd7mN9ieFzJUqY72SyPpcE3CnTSMZ2Hrll1EtmbKieJy5AQXBUkEC/HTUfSNh2sxGXNWc0t1dSg8Sm4PhgvkTR5uYimDSJREbQwIZZivOGsWCtjEM8XIgA6rRYkTmUhlNmUgg8iDcH5xWCaxKdNIANR207XGvmS3MkSsistg+fMGIOpyra2vzhYR2qnyKaZSqJbyZufOrqzEZ1CNlKuMugv11jMprHqn2X4dStR1U6pp5c0S3Ju0tXYIkpWKqW246XGsLCGZLHu1U6qp5NNMWWEkZchUMGbKpQZrsQdOQGsW6/tzOm0KUbILp3dpwds57ogqSLb6LrfheNnIw/CsSpqn7tT/d3lqGz92iMrEMy6IxDL4CCOR56iPC8AwpMMp6qsle2iZ3DTrlnvbSW1/kIVgUKP7Xpqy1WbSrNcABnE3u8x55O7YAnyNum0Zrtr2zmYgUUosqVL1VAc5LEWLM+UcLgAAcd+BjH/wDd/wC7zTTF+/Ckywfvds3C+cZfnGgPYrCaORKNexLtu5aagZrBiqpLOgA56wcAYztH24mVdHKo2lBAnd944mZjN7tCuqZBlBazbnYCF2m7cTKymk07ygndsjM4ct3jIjJqmUZbli254dYJ49Q4GDIennHKJqCcgac2aST4z4gWUi35ddTpe1tPgPZrAqzOKdGfu8ue71SWz5svtsL3yttyh2Bnezf2m9xTy6edTCYstQgdXAJVdFBRlIJA0vm15QL7d9sErVlS5UoypUu7WbKCWItoqEgKBfzNztbV/atcF7gNQMxm51uD95tks2Y/ijLvljFTIEvkCpVNcgQ5FiKYbmJFhiJRCWOCOrABcp9otDY9Iq00WhsekNEJCptl6mDGFe+l9YD0w0XqYMYT71Pih6nR+BQ7I214UKFHINxk+3FQgUU0mwUEs6qAEWxuq34kkkmMM6776W6esHZgJuTqecBXQ3y846GnKzPJUbSRQUz04eUpBJQTATZbMCchHHXUE7Ryto5MqRM7pSoZdb77jc8d4vdn8SEmSstlzyahFDjQ5ZqeEup4XAA6gRXxsASHttbS++rACJoTMaphhhywxokIayxA/tARKxiA+0DABYJAiG9zD3Qw6WkAD0WPYPsvaXLwurmTxeV3k0uLXzIJMsMLcdMwjyImPTexHaPDkw9qOrmFS7TO8UJNIKubDxIpAuoHGExo0NDVURoa6ZhiKhEts+dZirdUZtmO4Qta2lyLxJKkUTYPRpXOElNLkWJZlu+Quouuu2Y+kA8RxzC6WgqJFC5dqhXXIC7EF0yF2Li4AXhxPqRfmTcLqqCkpp9akvukkmyzZasGSVkIbMp2zNpziIHnnbejoZcxFoJmdGQ5jnL2YsRa520tpHotbj2D4jJlGqm92y3Pds7oyMQAwJXRhpoeXKMl2n7P4TKp3mU1c06aCmWWJ0l8wZ1VvCqBjZSx34awZl9lsBdQwr8oYAgNUSVYXGzKy3U+RFxD+ABH2h9j6ellSaqmZu6mMq5WJa5ZWdHVjrYqpuD5ecGvsVXLLrH85Q/6FmN/5RU+1LHaVqempKeas3u2ViyMroqpLeWoLroXOa9htbW1xdv2bYzTSKKsEydLSYzOVRnVXcCSAMoJubtcC3GD4A8zk+yvQfpHJ8OljQDyENnCJCKbiHpCmLpDUaACeOrDbw4QAW6cxaHHpFSni2P2hogxU2y9TBfDPep8UCKfYdTBbDPep1EOfR+BR7o3N4UMvCjkm4wk5BY25QBIs1/KNRUSrA9IzySGd1RRctYD1No16DyUanwbHs1NlmjOcagsiX4sxRgR6j9Yi7QJamf/AE//ALWCFPIREMoWPdFLn+cXzH/vin2mcfdm82Qf9wP7RojyrK3mjDo0JxHLQ+8Mkyu4isW8Q6xYngiKyW3MAi+NYjdiCOUVRPtDu+JgAuGGhYchh94B0cVY7aFeOEwAhGGmETCgA5eFCMMMAiVYa4h0qHMsAFcrFQLraL76C8VUIOsAD0S0OvDSYcIALNPvFwbHpFGnOsXhDRB5OU/sjrBbDz+KnxCBNP7I6mCmH+8T4hDl0fgS7I214UdhRyaNpnp6XBiLs5SiWkysceGWpCX/ADOdrdL/AFhYpNyBLi6lhm+HjFvtbjlO9OkmRYKtvCLW463GhO0adFceSE6/wNwSqUyzmvmIZnbe92Bil2nng0+n8a+ujH9o7g1ijgb5H+ljArG38C6j2h+jRqvmihK0A1EOIjghM0MZwmKU03NuETzCxiCWtzAB1Jd4nWVaO6COB4AJQORhZfM/SGo0SQDG+sL/ADaOmGwCO+v0huv+COwoAG2Pl8o4QfL5Q+G3gAejWtEoMV1PD/PKJc2kAIrVz8IikNHJmtzDZawAWrQjHFJjt4AJJTawREC1gkh09IZFip/ZHWCtD7xOogTI9n1gpQnxp1EOXRkV2NxCht4Ucs2Gcxr2V/zgYE9od5fwL+8KFGjQ+CvU+Qp2c/P/AMp/0gNjHux8Q/RoUKNH9TIRwBljsKFEgYx4ilbn/OEKFAI5MhNvChQAOESrChQAdjhhQoAOw0x2FAA2EYUKADi7x19jChQAVm9mGyYUKGBYhhhQoQD0gnL2HSOwoCLOU3s+sE6P3ifEIUKJPoyK7G2hQoUcs2H/2Q==', NULL, NULL, NULL, NULL);
INSERT INTO `profile` (`id`, `birthday`, `description`, `sex`, `first_name`, `last_name`, `user_id`, `address_id`, `profile_pic`, `active`, `created_on`, `updated_on`, `age`) VALUES (31, '1983-05-12', 'I love working out and eating yogurt', 'Male', 'Terry', 'Jeffords', 31, 37, 'data:image/jpeg;base64,/9j/4AAQSkZJRgABAQAAAQABAAD/2wCEAAoHCBUWFRgVFRYYGBgYGBgYGBgYGBgYGBgYGhgZGhgZGBgcIS4lHB4rHxgYJjgnKy8xNTU1GiQ7QDszPy40NTEBDAwMEA8QHhISHjQkJSQ2NDQ0NDQ0NDQ0NDQ0NDQ0NDQ0NDQ0NDQ0NDQ0NDQ0NDQ0NDQ0NDQ0NDQ0NDQ0NDQ/NP/AABEIAQQAwgMBIgACEQEDEQH/xAAcAAAABwEBAAAAAAAAAAAAAAAAAgMEBQYHAQj/xAA/EAACAQIEAwUFBgQFBAMAAAABAgADEQQSITEFQVEGImFxgRMyUpGhBxRCcrHBYpKi0YKywuHwIyRj8RVTc//EABgBAAMBAQAAAAAAAAAAAAAAAAECAwAE/8QAJBEBAQACAgMAAwACAwAAAAAAAAECEQMhEjFBIjJRYXETgcH/2gAMAwEAAhEDEQA/AMxCQFYuEnck63DukAkGWOVSHWnMxsKU6tKPVpxRaUA6MhQnfYSQWhFFoTbHSNFGD2ElPu877CbbaRJoQpoSX+7xNsP4TbbxRJowhpSWehEXoQ7DSNKQpSP2o+ETanM3ZllnLRy1OJlIW2SgihSFKwDsWctDWnLTC5aC07OzMLadnYJmSapD+ziqJFVSANG6pFFpxylKLJRg2JslOLrRjpMPHVLDwbbRilCLLh5J08JHVPCTbN4odcN4Q4wvhJxcJD/c5tj4q+cNCNh/CTtWiq7kDwJ1+URNNDswMXzm9bH/AI8tb0gXoRs9GWKphYzq4aNsliAqUY3enJt8PGtSjDKCJZIkUki9KIPTjBoxdImUjx0hDTmDRplgyxwUhCkLEis5aKlIMkzE7TkVyQTMnVS8UFOKIkWVZPZhUSOEpQ9OnHtGnAMhOjQj6lh4rRpSSw9Dwm2aYm1LCmPqWF8I8o0I8ShFtUmJgmF8JA8R4oM5p0iDlJDvuAeary9Y/wC2XFvu9MIhtUqXseaIPfYeJvlHmekqHBag0B26fpObm5LPxxdPBxS/lU5h8HmBIubnc6knzitXh7Ly0j3AOBYco/rOuxuT4DlITHboueqr+HUscv0ncRhCNSNJzEvke42v5y0cMdKqAMAQylT+xHjK8XJlLq1Hm4scpvXajYjDxjVpSz4/BlGZDuPqOR9RInEUp2yuCzSCqUzGrJJerTjOokYiNdIk6R+6RB1hYzKQjJHTLCMsLG2SDLF8sGWYNEMkEXyQTNpYUWLIkKix1SWTMPRpyQoU4jRSSOGpzU8hxhqMk6FKJYZNpJ0KcS1SQalSjpKc7TSOqaRaZivbTHe0xtbpTcUlH8KAX/rLmNsC9mGvyjPtWCmPxa/+d7eTWYf5onh8ZTX3n1HIA2HrOXPG7dnHlJF/4dh3sGGo8ZLpRJ6X8dpnmG7YOgyqVIjvi3EsctIVXyZG2VWu49AIJ017qa4hTJY5SGtvblHfBHdKbFlJy3sQb356H/hmeUOI1GUmqtYoCRlpLoWtfvHcx52d44aGIGQMEchatJzYFTpcdSt7/OGY2XdC5SzUXmnjlrA7h10ZTuBy/wCeUaYmnHXaHiFLBsrNT7lRS4dBdybi6L8WpvYnYAztUBlDKbhgGU9QRcH5Tr4sutOPlx73/UDiKUY1EkzXpyOrrKIVGVEjd0j+osauI0KaukSKx0yxMpCxHLC2irQuWFidoIpBMyyKsdUkiKR1SEmaHNBZKYZYwoCSmGE1PEjh1khRWMcOJJURJ1SHNJY6RYjSi6QGYl9q+HReIMyN33oozrYjKwGRWuRY3VV22yyn4ZnXuocg+LLmN/AWml/bPh7NhqoUe7UQtzOqkA/Uyo8LqoLd0X21kM8tL8ePkTfgqZBUYPrYDOdXPNsvIay2YUK+EAsO4QRcbHnIvj3E6aKmZcyg5mI5EghQBIvDdq7U2p00uzsLKevK0jfLLteTHGaWvD4KlXUqcyOujZWZCRyJA0IiB4ZRomwB3vrqfmdZHcExOLqVS1QCnkU5bAZWbQZGtytfXraDjHEDfxteDLynQyY27if4zWL+ypoy5gAyFwCi3uHD35FQDfcG1o+p0AlNEGyoAB0HIa9BYSm4HPWVSmcujE3QBmC2sCEJGcAkXF7215S+Vl0A8Bvvtz319Z1cEu9uTn1qSIXEJI2ssmMQJG1xOlx1F1RGrrHtURs8YpqwiTRdhE2hAgwgtDkThmYTLBDWgmZZEEd0xGyCOKcQ0PqEk8NIuiZI4doKeJbDmSNFpFUGkhRaJVIkabRyhjFGjlGgMrf2lcDbFYMimuapScVEUe8wsVdV8SGv45ZioV6TsjqVdGKup3VhuDaekw0xj7U+HhMfnXT21NXI/iUlGPqAknljs+GWqg8TXR0UMAWOvy5mK8KbDJ33cB11FkvpcXsevykEiLmIa+w0uR5i4kzgqmFWzNQUsBz72v8Ai3+Un4yKeVyp4/aFVvkqqb7KwA+oJuZHq5r3fXS+YH5gjwMWxPEVY3VFQdFVQfnb9LSMweIOdiNje9ttoNSjLZVw7DJau45ezJ/qUfvLfiZSOwVQGu5v+Bx52K7fKXTENOji/VDm/ZG4mRleSGIMj6xlnNTCrGlQR3UMbOYxTdhEiIq5iTQgIRCkQzGFMzOwQt4JmWRTHCGNli6NENDymY/oPI2mY7pPNTJmi8f0XkNQqR/SeJYpKl6bxwjyMp1IXjPFEwtE162YICFCqLu7HZVXQctyRzi0YmleZt9p2BeuVxFAZjh0ZXFtXRjmZlHPKRt0JMb8N7c4jE47D0kUUaD1QrLozuMrEBn5C4Gi/My/vh7O1hBTzp58rVFcBk0Zdx1XmV6wLVQ6m97ddJee2vYjU18MAre81MaBjzZPhbw2PhM4zMCVYAMNDcWIPMEcjEuqeb+JL72ALBQP1/3iKPoQPefQ/wAK8/U/36xqPzemgkvwHhlTEVBTopndvGwUaXdm/Co5n9dLrufDav1Z/s7wrHEOADlWhUYkcj3Ql/WW7EPJzszwGnhKeRTmdrNUe2rt4D8Ki+g9TqYfi/Ag6l6Qs4uSl+6/gt/dPTlK4fjNVDk/K9KZXaMKzR1VfccwSDfQgjQgjkbyPqtLIU3qGNnMXqGNqkYlJtEmhiYRpmFacgaCFgghbwTMsQMUVoiphlaIJ2jxzTeMkaOKALEKoLEmwAFyT0AmNEhSqSY4bhXqe6NBux0X/cx1wns6qgNW7zfBfuL5294/SWJFCgAAADQAaAeQG0ncv4rjib4LBKmt8zfEeXkOUqP2s074RDyWul/VHA+pl3vKv9ouHz8PrH4DTqeiOub6ExapPcZFwSoExNB/hrUz6Zxf6Gb5VTW/znnkG1yNwLjzFjPQ2FYMAw1DgH+YB1+jEQ1r6IVcOHBBlI7Rdg0xBLDuP+FwNdPiH4hNDCTMu3/a1i/3WhbJqKjkErVYGzU1IIugOhsRci2w1XxlrTKyKlwfsDia9VkD0xTQ96urq62uQCqKczHQ6Gw0Os2Ts/wCjhKfs6KWBsXc6u5HN2/bYch1yPhWKajUV8IjJidP+mO8jrzHIlNrqxuL3DaabVw3HLWTMujA5XXU5H5i9tRzB5gzXGY1vK5TZdafSHQ6X8YYC0TXRFHhCVmParEIuMrIykd5SHWwPeRT3hswi+G7OvXpGpQcOytlZG7pNwGDI3iDsdiDqZH/AGipkxjt8VOk3noV/wBMlPsx4vmq1KJPvUlcDqUezfRxNLZ6NlhLO1cx+FqUmyVUZG5Bha/5Ts3peMHabjxDAU66GnVUMp9Cp+JT+E+MyXtL2bq4VibM9L8NUDS3wvb3W+QPLoK45bc+WFnaCJiZMMTCNHTcMLeC84TMwXgnLwQssGbSGUxOdDRBLB5f+znBhSTO4/6jAH8ikXyjx6n05Sq9lsAK1cZhdEUuwOxykBQfNiPQGaOh1PneJlfimGP0qhuAYci+hiNLRmXyPz6eoi14ioKTbXcb+Ykf2iw4fC4hPio1B/Q1vrJC/wBY14s1qFU9KVQ/JGmGe3n2iv1H7TeezL5sLh35tQpA+aoBf6TD2olSB0FvpNp7HH/scP4Ux9CYaa/+nvFHcj2dH3395+VNOZv8R1AHrylI+0Dg1JMPSbIucVFUOLqcoUlg1tDy1Ouk0UCUn7RmDCihJC993I3CKBnb+XNNjN5J5XpU+Gfd8NXw9Sqt/aHKbMwCUn7oqnW4JYDTbKrE8pp1Dg4p1PaU3ZfwuhClWXoTa4IOx5eRMxTE1TWYu/4tLfCgAVEA2AC2HpNr7P441cNRqMdXpjN+dRZ/qDDnjPYY5WdJI6jz0/v+86F+gAhaVILcgWvqbczzJ8TDCIZmP2s07VqDW9+k6k+KOCPo8r3YSsUx2GbYMz028nR1H9WT5S8falhs1Ki9vcqMvo6X/VBKDwtCjo40yOj/AMrA/tD8U/jdpxrG6mxBGoOoIPUc4Ab69YE5nqfpAmo3afsGjhqmEAR9zSJsjczkP4GPTbymZOCCQQQQSCDuCNCCOR3+U9Ck7D/ngP8AnSZZ9pnBvZ1hiEFkraPbYVVXX+ZRfzUnnK4ZfKlyY/Ypd4WAmcJlUnbwQt4JmWCcvOEwpaBmgdgcKERnJ1qggDotNiv1LH5SzUgQ2U8tj4SI7MUctCkfhpqfV++f1EnNyp8xI326MZ0K7WZT5g+sXESqCHWKYZ+R8f10/tIjtXVyYSqeqZf57Jb+qSzC4I9JW/tBq5cE1ub0h/WG/wBMwz2zXE0u/NX7IC2DofkH+Zpl2HcNv0mrdnEy4bDj/wASfUX/AHho/P8AtJr06aenKZ59qGJINOmBo6MXbmVVwQg6DMAx6lV6TQ23v10/t+8zz7Uafew7/wANVfXMpH7zY+yZelEpU2JCoCWYgKBuSdhfl5zV+wbr92NNDcUqpF/iDKHzDoCzPbwtM54fRyrnO7ghfBNmbzbUDwDdRLp9ntbv1k+JUcDxUsp/zLK5T8SY3tejtOLON0hpFRXe3NDPgqv8DI/8rC/0Jma4dbBh4Ga/xfD+0w9ZPjp1APPKbfUTI0Ox6qIYbfU/21vhGIL4ei/xUUb1KC/1j1dB5SC7MOxwuHHI0kHlluv7SdI6xQoinmdv3kN2w4d94wlSmB3gM6fnp94D1AI9ZNGx8hE6NTM9xsv1MM6CzfTzzeFJkh2jwgo4vEUhoFqvlHRWOdR6KwkcZ0uS9BeCctBM21gJhG/2nSY+4BhfaYmmh2zZ28k736gD1iUY1XhFPLSVegA+QA/aLocr5Tsx08+k5hNBbxP6kxepSzLYg9bjcHkZGumI7jPEhRVWylrm1gLnTUm29h1jbAdo6D6e0W/Ru4fk1o44rwxcRTNKrcMfddDla4/Ep5N1Gx8pnvGuDYjCoSQuIpL7xVSroOrpqQP4hceUTK2K4445f7aqpvqJTftPe2FTXeso+SuZWOznHqlEgoxdLd6mxYC1+W+VvEXHodH32icYSvhKNSme77cB1PvI3s30YcvPY3mmUreFxqpYLEWv5GbhgEypTXpTpr5EKtp53WvoRffSej2PLpb6R7S2dDEynfaLhA9Kize6lU5tbEhkPdHiSAPDU8pcM0rfbtL4Nz8L02/rCf642PsmXpndWpuTp5aAADQDoALADylh7J4o0samGHvMjmseYcJmSmDyCgEn+Jv4ZXhX9kntyAWvloqRcM41LkfClwfFiB1hOw9S3EMNcklncEkkk5qb3JJ1JJ585TK9aTxne22c4DCMZwSCw45CYlicQFa3wll+RM2p6iqC7EBVFyT4XM871MZnu/XM/wDMSR+sMppNtv7IEnB4Ykamip8gzMR9JLPU8Cx6DaN+FYb2dCjTH4KdNP5UA/aPrzEvs1NN30PdXoIuiBBYQNUiTX5mZmSfabhMmMD8q1NX/wASdxv0X5yo3mp/angM+Gp1hvSex/JUAU/1KhmU3l8LvFzZzWQ+adhLwRiJ8mWfsLSBqu5/CgUepuf8olWJlm7EVQHe+3d+txEy9KY+144njDSRXCM6hwHCAlshDbAa+9lmb8e7RBqrOEqoLgKAzoQALXsbWN9flNSNXIjuLkIrOQNyACdJAcd7TZCuR8M6shbvq7EbWuc3um5+W05s537dnHevSmYftQMumIrK3ItUdhfxBMGH7UYpXv7Z28Kq5kI6j06HnHOKxmGrgs+HwhJ1uiOjb/Er6yq1sFTzn2bsnRQ2dBv8RvJ7V1PsSuPqK7e1pIKT3GZF71Jzf3kO6flIttY8opXwVOqhD2JI1tytsfnGS4eqgS5Rs6lveCkWNtVO99xacqVzbXLccwLEeo3g+nnpWOKYZqBtclTsTyI5GejqeKDAMCCGVWB8CAR+sxKqq1kKvqDv1B6gy3dk+NE0xQY3qUUUAHd0FwrDroBeVxy/qGeP8aN7UbyG7WsrYOqGcIpCZnOyAVUu3p05nSI4XiGZG12P0Mg+3mM/7Cr/ABvRUeZqIT9EMeXtKxn3EMb7Ryw0Re7TX4UB7t+rH3iebMZI9jATjsMw2Wqt/wDErKB5knT16SvIxJsBc8v9zyHieksXZ6uiYnDd4BErIzOe6Cdmdr7C2gvsAOd5TfRW0kidQ5jbkN5W8d2soIcqZ6h6oBlv4MxF/SRWN7Vu9NqaJkBFic13YHex2W8hcpFZhaV7bccLUKiUAXd0anTC8ka61KrHYXBIW/mJmHCOF1hWpe1QrTDqWa6sAqnMRZSd7AessNbFE/vCJWiedWmE02HAYgOiurBg4zBl90i+4vrHZlK7B8SzLUoE+5aon5WbK4t4PY/45dDK43c258sfG6EtDZBOQwEIGXFuGrXoVKBOlRCl+hI7rejWM88OrKSrDKykqw6MDZh6EGelJhHb+gEx+IA2Zlf+dFY/W8px3vSPLOtoHNBE4JZDaxM0svYkAvUU2IIX9TKuxk92KrWxBX4kPzBH95PL0rj7aLhsMF2Y2IIKnvKR0IOlraRpjuzOCNNm+502KjZFZW3/AA5SDoL6eEfYY2sevdA5k/8AASfKSFKx1Ovny8hykLNunG2Mb7S8KwKOfZ1XRrXCg3F9dCSxsdBy5yBq4Qi1q+tgSMgLAab94A69AJvfEmw6I9WsiFQO8SisW5Aai5JNgBMpxg9u9wiUqQdmSmiqoW/NiPea3P5SOU8fq+OXl8VxfbFwWAZQAqEMdAPO2+8fLhXYdLnYbSZT2KDr4w78TpKOWkXZ0TTwJA1P0in3chw6tZlI2NmHip5Hz8ucef8AzSNoqEx3hKRcZmQKOV9Jttf8n2A4zSXSorhmQ5mVQUDC9gRe4J32I8ZGdoMWuJo+wUMozq+bS/dvYAR19yp9QT4G8XSiijugeZjeVJ44oDh/ZxLG+cE797Ujp87fIRw2CoJooJa299vHQWj3EPr3m9IwFZAbAXPO/SC5W+xxxkOeH21zC9+ggx75bG1tOW/qYieJogvtIriHG1e4vb1v8oDfTfG17te8To1OVx67SJxPEEvYd6do4jnsIZNDau3ZHF+yxdMn8YakTyOcAjU/xIk1mhXDC46XI6bj9QZgGG4hY3Y2tt4TYeya1HoJVOzgEdMtuXmbn1lMb8Q5MfqwgwymERAN738b2hmBttfwBsfrHS0M1phf2kX+/wBX8qH0yLNreuLXHlYixB6EcjMV+0w/9+//AOdI/wBEpx/sly/qq2aCJ5oJdzLEzSR7O4jJiUN9DdT4Ai/7SJZofCV8jo9r5WBI6jmPleTvpTG9xseFqq1iCuq9yxB7h2PrrJGnV/X6Sj8PxSsxZRZVVAoH4R3tBJ2pxEIju2yIzMedlUsdOukht2aVX7QO0d8QMOD3KIBbxqMLm/5VIH+JpS8Tx/kD6SKxqVq1R6z+9UYu3qdB6C0Vw2AA1O8jlJbtbHcmi616j6e6PEyQoYZALu94xCqPHznQBFsPKn8PikUAKQvkNY7SrTPvF29f2laSuo1MFTjAHui0HY9LiOI0kW4AA6c5E43j5N8ul5Ua/ESdzG33pjtrG1S/jE9X4l1aMH4k3KR+QnVjEqlQDaaQLkVxONc7mMWcmLpY7iOqNFOYj9QurTCnmOwv6SW4fw13IzMEX5mPMOyLbQRfuHVSVP0gtlGY1McO4Ph0/AHb4n7xPjroPQSUesUIKOUK7FWK28BaVQ1qq6ghh4HWIvxjre/QiLZTTUbL2M7RtiQ9KrY1EAYOLd9L2vl+IHflqJZC/L5Hr/aee8B2hajUStTNnQ3F9iLWZW6qQSD5+Amw8M7SLiaa1UPdYbbMrD3kfxGv6yuNuu0c8ZL0fcQxaKM5OZddB7zMPdRR1Jv5AEzGO3+JL46oWtcBAbbAhBcD5zWK6Aqo6G48Lnr6zEOO4r2mJrPyao9vIHKv0AleL2hy+jO8ETvBOhzaTjNCM8IzwjPA21u7MY3cMen0PX5SV7VcQVMK5J1qFaS8iQxu+n5Q0oOFxZRr8uY/eH7W8U9o1JAe6iX8C7m5PyVRObPHTs4s5lJ/g7TEIRraNq9RfwyujEsNjOHFHrI+LoucSlXEEbfrGT4oxmal4M8PiXyLtVYwoBPOFRWb3VJ9I+o8KqNvZR8zNrTb2bBVG8BxGmg06ycw3B6a+9dz47fKd4tSX2LAADS+g5q1x9LwdbG7kVt8QTCgzi0ybnkBr+ggyGU8U/IolxFkxBEdcOwCuhN2DKSDsRbQjSKVOEPyZT56Rbo8tNlxMOKvRrRviMOyGzi19tb3iN/GDxHyp996cc5xsYTuLxoD4w6MJtD5Ol77CTXZjiz4aqD+ByA6k6dA3mP0MjVrqBoJx6pYZQNToPM6CDd22o2LivEcmGepf3aeZR0Oy/X9Ji4mi9o6iUqL0SS6pTWmLnVnUKFNxzBBaZ0TOni9Vyc3uDQQkEttBIl4UvEy0KTCkOXiNdA1ib3AtcdOQM6WnC0Fkvs+NuN3C2Fw9EC7Ek9GBI8CAI4D4bUHKCOqkA+towLRk7X/AHkOTCT06+Lkt9p4DDH/AOv5gRjxGmhdQgBuv4ToDmNjIu0VaptysoX5G5ktaU8trJhqWQKptcCxt1H6x0DKxQx7razZgOTa/I7yWwXEUcgE5D/Ft8/7xLjTzKJVD+5ncRg2ek4trluo6kayb4Zw641Fz8x6SQxeFyAG3X/1DMWuTMcUq6Ilio1LW0dyNSP4eQ9esSNEkgAXJIAHUnQfWSeMwBVmyC63O2415eHhyhsNQyoXYDv5kTqLaO4+eQeObpLY2X0jlLPY3D1VSyLY925b4mFr/wCGxAA8L849b+0T4Dg8+dzsBkHmdT+giuJXKbSXJPyVwv4onjtMFM3NTofA6EfpHXZ/DKaOqgksx1HLQDfyhMYwKG/hyvz/ANoieLOgCqqgZRa4udQD1t/7gm70N1LuucfRBUCooFkXMALDNqT9CJGWEM7liWY3JJJJ5k7wk6pjJNVyZZW5WwMvnH/DHoowd8z5dVQLYFhsXN9gdbc7dIwgvBcMa05Moe8Sx7VnLN42G9tb+pPMxneFvBeNOpottt3XbwTl4Idho4hTBBHJAnIIJhcqbRo20EE5+T2vxenGnFggk1SpEUT3T529J2CZkjwri9agSabkAE906obbXU7elppHDuJNiMMHcKDr7oIHyJM5BG+Ar3EFAdrdSfWMMUgy366EcrX6epggk8P2iuX6rFwTDqMMlhvmJPO9zIji1MAEjeCCHIuKsly3va6bcoXENmOYgX7p0AA6WsOVgIIJvoG1QftCQQTpnpzX3QgMEEwOTkEEzBBBBML/2Q==', NULL, NULL, NULL, NULL);

COMMIT;


-- -----------------------------------------------------
-- Data for table `category`
-- -----------------------------------------------------
START TRANSACTION;
USE `interstellerdb`;
INSERT INTO `category` (`id`, `name`) VALUES (1, 'Active');
INSERT INTO `category` (`id`, `name`) VALUES (2, 'Athletic');
INSERT INTO `category` (`id`, `name`) VALUES (3, 'Clean');
INSERT INTO `category` (`id`, `name`) VALUES (4, 'Flexible');
INSERT INTO `category` (`id`, `name`) VALUES (5, 'Dedicated');
INSERT INTO `category` (`id`, `name`) VALUES (6, 'Humorous');
INSERT INTO `category` (`id`, `name`) VALUES (7, 'Ambitious');
INSERT INTO `category` (`id`, `name`) VALUES (8, 'Unpredictable');
INSERT INTO `category` (`id`, `name`) VALUES (9, 'Quiet');
INSERT INTO `category` (`id`, `name`) VALUES (10, 'Sarcastic');

COMMIT;


-- -----------------------------------------------------
-- Data for table `question`
-- -----------------------------------------------------
START TRANSACTION;
USE `interstellerdb`;
INSERT INTO `question` (`id`, `question`) VALUES (1, 'What do you value most in a relationship?');

COMMIT;


-- -----------------------------------------------------
-- Data for table `answer`
-- -----------------------------------------------------
START TRANSACTION;
USE `interstellerdb`;
INSERT INTO `answer` (`id`, `answer`, `question_id`, `category_id`) VALUES (1, 'Quality time', 1, 5);

COMMIT;


-- -----------------------------------------------------
-- Data for table `preference`
-- -----------------------------------------------------
START TRANSACTION;
USE `interstellerdb`;
INSERT INTO `preference` (`id`, `name`) VALUES (1, 'Men');
INSERT INTO `preference` (`id`, `name`) VALUES (2, 'Women');
INSERT INTO `preference` (`id`, `name`) VALUES (3, 'Trans');
INSERT INTO `preference` (`id`, `name`) VALUES (4, 'Pan');
INSERT INTO `preference` (`id`, `name`) VALUES (5, 'Non-Binary');

COMMIT;


-- -----------------------------------------------------
-- Data for table `profile_answer`
-- -----------------------------------------------------
START TRANSACTION;
USE `interstellerdb`;
INSERT INTO `profile_answer` (`answer_id`, `profile_id`, `question_id`) VALUES (1, 1, 1);

COMMIT;


-- -----------------------------------------------------
-- Data for table `mixer`
-- -----------------------------------------------------
START TRANSACTION;
USE `interstellerdb`;
INSERT INTO `mixer` (`id`, `name`, `description`, `event_date`, `address_id`, `event_start`, `event_end`, `created_date`, `image_url`, `creator_id`) VALUES (1, 'mixer test', 'a great place for a first date', '2022-09-30', 2, '17:00:00', '20:00:00', NULL, 'https://live.staticflickr.com/65535/50021255956_4dd62a6104_z.jpg', 1);
INSERT INTO `mixer` (`id`, `name`, `description`, `event_date`, `address_id`, `event_start`, `event_end`, `created_date`, `image_url`, `creator_id`) VALUES (2, 'Drinks N\' the Park', 'a park... drinks.... romance...', '2022-10-04', 18, '18:00:00', '22:00:00', NULL, 'https://encrypted-tbn0.gstatic.com/images?q=tbn:ANd9GcTPWPFX1jZzLBk2ou7yoAJvGJb8G2Yzz_et4A&usqp=CAU', 1);
INSERT INTO `mixer` (`id`, `name`, `description`, `event_date`, `address_id`, `event_start`, `event_end`, `created_date`, `image_url`, `creator_id`) VALUES (3, 'Molded by Love', 'makes some cool pottery with the person you want accidentally matched with and they reponded so fast, and you felt bad and said yes to this mixer... which youre dreading... because they already asked you to meet their mother....you can proably make a cool bowl though', '2022-11-17', 19, '16:00:00', '21:00:00', NULL, 'https://encrypted-tbn0.gstatic.com/images?q=tbn:ANd9GcS_8AblEWcyY9BZW0amu99pXg5VdC5SpOM4nA&usqp=CAU', 4);
INSERT INTO `mixer` (`id`, `name`, `description`, `event_date`, `address_id`, `event_start`, `event_end`, `created_date`, `image_url`, `creator_id`) VALUES (4, 'Dave\'s Drive In', 'get comfy and sensual at the drive in', '2023-01-22', 20, '19:00:00', '22:00:00', NULL, 'https://www.ucf.edu/news/files/2021/02/date-night-ideas.jpg', 3);
INSERT INTO `mixer` (`id`, `name`, `description`, `event_date`, `address_id`, `event_start`, `event_end`, `created_date`, `image_url`, `creator_id`) VALUES (5, 'Active couples', 'get your heart pumpin and get off the couch, its been a year since your ex left....seriously.. take better care of yourself... and go to this mixer to meet an active person who will get you into shape... and maybe find love...maybe', '2022-12-13', 21, '18:00:00', '22:00:00', NULL, 'https://encrypted-tbn0.gstatic.com/images?q=tbn:ANd9GcRtxLUUiCIXJeKWyWfkVL7AGzhYu-7gGuYkKw&usqp=CAU', 1);
INSERT INTO `mixer` (`id`, `name`, `description`, `event_date`, `address_id`, `event_start`, `event_end`, `created_date`, `image_url`, `creator_id`) VALUES (6, 'Love At The Lake', 'Find your anchor at Larry\'s Lake mixer', '2023-06-21', 22, '17:00:00', '23:59:00', NULL, 'https://media.timeout.com/images/105915468/image.jpg', 2);
INSERT INTO `mixer` (`id`, `name`, `description`, `event_date`, `address_id`, `event_start`, `event_end`, `created_date`, `image_url`, `creator_id`) VALUES (7, 'Goblins N\' Ghouls', 'Carve a pumpkin, watch a spooky movie and trickr treat', '2022-10-31', 38, '19:00:00', '23:00:00', NULL, 'https://live.staticflickr.com/65535/52392395720_141384a4c9_n.jpg', 4);
INSERT INTO `mixer` (`id`, `name`, `description`, `event_date`, `address_id`, `event_start`, `event_end`, `created_date`, `image_url`, `creator_id`) VALUES (8, 'A Night Under the Stars', 'Align your stars under the milky way on this jawdropping star gazing mixe', '2022-11-28', 39, '22:00:00', '04:00:00', NULL, 'https://live.staticflickr.com/65535/52392279614_1924f458e7_n.jpg', 2);
INSERT INTO `mixer` (`id`, `name`, `description`, `event_date`, `address_id`, `event_start`, `event_end`, `created_date`, `image_url`, `creator_id`) VALUES (9, 'Pike\'s place after dark', 'Walk around the iconic pike\'s place market at night, enjoy the cool air and views of the puget sound', '2022-10-18', 40, '19:00:00', '23:59:00', NULL, 'https://live.staticflickr.com/65535/52392213618_3e7b230cdb_n.jpg', 3);

COMMIT;


-- -----------------------------------------------------
-- Data for table `message`
-- -----------------------------------------------------
START TRANSACTION;
USE `interstellerdb`;
INSERT INTO `message` (`id`, `content`, `sent_date`, `message_from`, `message_to`) VALUES (1, 'Maybe now', NULL, 2, 1);
INSERT INTO `message` (`id`, `content`, `sent_date`, `message_from`, `message_to`) VALUES (2, 'why?', NULL, 1, 2);

COMMIT;


-- -----------------------------------------------------
-- Data for table `favorite`
-- -----------------------------------------------------
START TRANSACTION;
USE `interstellerdb`;
INSERT INTO `favorite` (`profile_id`, `profile_id1`) VALUES (1, 4);
INSERT INTO `favorite` (`profile_id`, `profile_id1`) VALUES (14, 2);
INSERT INTO `favorite` (`profile_id`, `profile_id1`) VALUES (4, 1);
INSERT INTO `favorite` (`profile_id`, `profile_id1`) VALUES (3, 1);
INSERT INTO `favorite` (`profile_id`, `profile_id1`) VALUES (5, 9);
INSERT INTO `favorite` (`profile_id`, `profile_id1`) VALUES (29, 2);
INSERT INTO `favorite` (`profile_id`, `profile_id1`) VALUES (19, 4);
INSERT INTO `favorite` (`profile_id`, `profile_id1`) VALUES (26, 4);
INSERT INTO `favorite` (`profile_id`, `profile_id1`) VALUES (17, 4);
INSERT INTO `favorite` (`profile_id`, `profile_id1`) VALUES (11, 3);
INSERT INTO `favorite` (`profile_id`, `profile_id1`) VALUES (18, 3);
INSERT INTO `favorite` (`profile_id`, `profile_id1`) VALUES (25, 2);
INSERT INTO `favorite` (`profile_id`, `profile_id1`) VALUES (8, 4);
INSERT INTO `favorite` (`profile_id`, `profile_id1`) VALUES (9, 2);

COMMIT;


-- -----------------------------------------------------
-- Data for table `star`
-- -----------------------------------------------------
START TRANSACTION;
USE `interstellerdb`;
INSERT INTO `star` (`matcher_id`, `matched_id`, `matched_on`, `blocked`, `blocked_by_id`, `blocked_date`, `blocked_reason`) VALUES (1, 2, NULL, 1, 2, NULL, 'ugly');
INSERT INTO `star` (`matcher_id`, `matched_id`, `matched_on`, `blocked`, `blocked_by_id`, `blocked_date`, `blocked_reason`) VALUES (2, 4, NULL, 0, NULL, NULL, NULL);
INSERT INTO `star` (`matcher_id`, `matched_id`, `matched_on`, `blocked`, `blocked_by_id`, `blocked_date`, `blocked_reason`) VALUES (2, 6, NULL, 0, NULL, NULL, NULL);
INSERT INTO `star` (`matcher_id`, `matched_id`, `matched_on`, `blocked`, `blocked_by_id`, `blocked_date`, `blocked_reason`) VALUES (4, 1, NULL, 0, NULL, NULL, NULL);
INSERT INTO `star` (`matcher_id`, `matched_id`, `matched_on`, `blocked`, `blocked_by_id`, `blocked_date`, `blocked_reason`) VALUES (3, 1, NULL, 0, NULL, NULL, NULL);

COMMIT;


-- -----------------------------------------------------
-- Data for table `image`
-- -----------------------------------------------------
START TRANSACTION;
USE `interstellerdb`;
INSERT INTO `image` (`id`, `image_url`, `profile_id`) VALUES (1, 'https://live.staticflickr.com/65535/52391968541_ab05747b10_n.jpg', 2);
INSERT INTO `image` (`id`, `image_url`, `profile_id`) VALUES (2, 'https://live.staticflickr.com/65535/52392395650_42c0b86428_n.jpg', 2);
INSERT INTO `image` (`id`, `image_url`, `profile_id`) VALUES (3, 'https://live.staticflickr.com/65535/50021803071_3906e1628b.jpg', 2);
INSERT INTO `image` (`id`, `image_url`, `profile_id`) VALUES (4, 'https://live.staticflickr.com/65535/52391046157_0e18d13b55_n.jpg', 2);
INSERT INTO `image` (`id`, `image_url`, `profile_id`) VALUES (5, 'https://live.staticflickr.com/65535/50022058542_eb25205455_n.jpg', 4);
INSERT INTO `image` (`id`, `image_url`, `profile_id`) VALUES (6, 'https://live.staticflickr.com/65535/50021804381_9049b079c8_w.jpg', 4);
INSERT INTO `image` (`id`, `image_url`, `profile_id`) VALUES (7, 'https://live.staticflickr.com/65535/50021509067_57604b926d_n.jpg', 4);
INSERT INTO `image` (`id`, `image_url`, `profile_id`) VALUES (8, 'https://live.staticflickr.com/65535/50021509067_57604b926d_n.jpg', 4);
INSERT INTO `image` (`id`, `image_url`, `profile_id`) VALUES (9, 'https://live.staticflickr.com/65535/52391046247_856ed24cfb_n.jpg', 3);
INSERT INTO `image` (`id`, `image_url`, `profile_id`) VALUES (10, 'https://live.staticflickr.com/65535/50021808176_695e81c2bb_w.jpg', 3);
INSERT INTO `image` (`id`, `image_url`, `profile_id`) VALUES (11, 'https://live.staticflickr.com/65535/52392395685_7477d81b40_n.jpg', 3);
INSERT INTO `image` (`id`, `image_url`, `profile_id`) VALUES (12, 'https://live.staticflickr.com/65535/50021256196_fb39784532_n.jpg', 3);

COMMIT;


-- -----------------------------------------------------
-- Data for table `profile_has_preference`
-- -----------------------------------------------------
START TRANSACTION;
USE `interstellerdb`;
INSERT INTO `profile_has_preference` (`profile_id`, `preference_id`) VALUES (1, 1);
INSERT INTO `profile_has_preference` (`profile_id`, `preference_id`) VALUES (1, 3);
INSERT INTO `profile_has_preference` (`profile_id`, `preference_id`) VALUES (1, 5);

COMMIT;


-- -----------------------------------------------------
-- Data for table `profile_has_category`
-- -----------------------------------------------------
START TRANSACTION;
USE `interstellerdb`;
INSERT INTO `profile_has_category` (`profile_id`, `category_id`) VALUES (1, 2);
INSERT INTO `profile_has_category` (`profile_id`, `category_id`) VALUES (2, 2);
INSERT INTO `profile_has_category` (`profile_id`, `category_id`) VALUES (2, 6);
INSERT INTO `profile_has_category` (`profile_id`, `category_id`) VALUES (2, 4);
INSERT INTO `profile_has_category` (`profile_id`, `category_id`) VALUES (3, 2);
INSERT INTO `profile_has_category` (`profile_id`, `category_id`) VALUES (3, 3);
INSERT INTO `profile_has_category` (`profile_id`, `category_id`) VALUES (3, 5);
INSERT INTO `profile_has_category` (`profile_id`, `category_id`) VALUES (4, 6);
INSERT INTO `profile_has_category` (`profile_id`, `category_id`) VALUES (4, 1);
INSERT INTO `profile_has_category` (`profile_id`, `category_id`) VALUES (4, 2);

COMMIT;


-- -----------------------------------------------------
-- Data for table `mixer_attendee`
-- -----------------------------------------------------
START TRANSACTION;
USE `interstellerdb`;
INSERT INTO `mixer_attendee` (`mixer_id`, `profile_id`, `rating`, `rating_comment`, `rating_date`) VALUES (1, 1, 5, 'awesome mixer', NULL);

COMMIT;

